,rcst_1,rcst_2,rcst_3,rcst_4,rcst_5,rcst_6,rcst_7,rcst_8,rcst_9,rcst_10,rcst_11,rcst_12,rcst_13,rcst_14,rcst_15,rcst_16,rcst_17,rcst_18,rcst_19,rcst_20,rcst_21,rcst_22,rcst_23,rcst_24,rcst_25,rcst_26,rcst_27,rcst_28,rcst_29,rcst_30,rcst_31,rcst_32,rcst_33,rcst_34,rcst_35,rcst_36,rcst_37,rcst_38,rcst_39,rcst_40,rcst_41,rcst_42,rcst_43,rcst_44,rcst_45,rcst_46,rcst_47,rcst_48,rcst_49,rcst_50,rcst_51,rcst_52,rcst_53,rcst_54,rcst_55
0,,,,,,0.28195054684563803,0.43939555215554704,0.45437781009869704,0.43236114919068297,0.38136132966048203,0.34361370544018893,0.344863148377418,0.37099723911955795,0.4361029163482779,0.502667679548408,0.499647655581547,0.496783630350877,0.527811928567251,0.531608020230669,0.588689363242365,0.6226778219558161,0.57195354039961,0.5580209590155949,0.555171057992203,0.49383943453216406,0.5175959104580901,0.46940292400909706,0.5097641023684211,0.532287570786225,0.554709196832359,0.628841809532164,0.643133381267057,0.658801131731644,0.658912418641975,0.684596857436647,0.690155602244964,0.6745794667381421,0.640066041952567,0.519386533895387,0.406405006510721,0.319229752527615,0.33428004807342404,0.348426560415854,0.39071708762183205,0.447016436354776,0.47686012429824604,0.47514163782976,0.472161506731644,0.47007014339181297,0.49267290955490606,0.49325353814165,0.482891405415854,0.470276658424301,0.47106145205003297,0.476002609226771
1,,,,,0.31719665826013504,0.47579366684563795,0.43655752215554705,0.420319810098697,0.433263859190683,0.43125400966048205,0.39912410544019,0.419179958377418,0.40405645911955795,0.39149287634827795,0.41065956954840793,0.426524125581547,0.43115794035087707,0.45009418856725103,0.525755770230669,0.569331823242365,0.654534911955816,0.6826685503996099,0.657987149015595,0.653843107992203,0.6835946545321638,0.6922879404580901,0.6781577340090971,0.6801383323684209,0.666427130786225,0.654380256832359,0.618860249532164,0.6119423212670569,0.5994639817316441,0.551536398641975,0.5340716974366471,0.540362062244964,0.520096456738142,0.46809191195256605,0.41009798389538704,0.352401306510721,0.30496905252761497,0.29833870807342405,0.316884540415854,0.36739444762183204,0.401559716354776,0.45279919429824605,0.48124177782976,0.49802361673164397,0.47847919339181294,0.45802489955490605,0.45857486814165005,0.478761165415854,0.470518828424301,0.499829502050032,0.525874519226771
2,0.38874795371794896,0.416453653299025,0.408541530128968,0.412662134829932,0.395171388260135,0.39828585684563794,0.39118917215554705,0.38704150009869703,0.38130158919068297,0.37924844966048205,0.3917650454401889,0.493260728377418,0.49148670911955794,0.4971746163482779,0.47116661954840794,0.514186745581547,0.49701568035087706,0.5245664685672511,0.524000690230669,0.617757503242365,0.5998385619558161,0.5702690203996099,0.639633519015595,0.699715687992203,0.6631522645321639,0.66561270045809,0.642630344009097,0.676731332368421,0.656870230786225,0.644020616832359,0.664552429532164,0.6733026912670571,0.626992951731644,0.601756448641975,0.624875057436647,0.612954262244964,0.5876802167381421,0.560093341952567,0.5133458238953871,0.44092300651072097,0.373187322527615,0.331021608073424,0.348209350415854,0.38066131762183203,0.419158936354776,0.43519409429824607,0.48691746782976003,0.527070926731644,0.526066603391813,0.49208885955490606,0.47802862814165004,0.506214265415854,0.535976698424302,0.509841352050032,0.456754929226771
3,,,,,,0.45332519684563793,0.43241226215554707,0.405811160098697,0.409883749190683,0.41575610966048204,0.4145188254401889,0.413769508377418,0.384594239119558,0.37172669634827793,0.42220230954840793,0.48072009558154705,0.43721040035087705,0.439350358567251,0.486711790230669,0.495086593242365,0.567195991955816,0.65015076039961,0.624857189015595,0.637207347992203,0.638218594532164,0.6121983304580899,0.6057501240090971,0.628339342368421,0.633647400786225,0.597505196832359,0.615222319532164,0.646636001267057,0.6323256617316441,0.627038728641975,0.635109287436647,0.617438882244964,0.5980929967381421,0.5911851319525671,0.5789354838953871,0.505374946510721,0.41483564252761496,0.345915218073424,0.33888602041585403,0.36406651762183206,0.38883537635477605,0.3916370642982461,0.41159570782976,0.439727536731644,0.468763853391813,0.48512901955490606,0.46500595814165,0.400756545415854,0.420256068424301,0.488473042050033,0.545584769226771
4,0.517103763717949,0.508594543299025,0.49967378012896796,0.514374054829932,0.48192479826013496,0.3968568868456379,0.3930563221555471,0.387351470098697,0.430593409190683,0.42448012966048204,0.42960182544018893,0.404504618377418,0.40401839911955795,0.4764862563482779,0.49337812954840793,0.515773225581546,0.5197222303508771,0.538807028567251,0.569522230230669,0.584740343242365,0.6593186119558161,0.6744879903996099,0.670910059015595,0.6726639979922029,0.6134537845321639,0.6370882304580899,0.6771436840090971,0.715963612368421,0.6727410607862249,0.649922186832359,0.6778738095321639,0.666761941267057,0.6093691317316441,0.586243828641975,0.599606917436647,0.581595202244964,0.563583126738142,0.580038881952566,0.5469579838953871,0.506117596510721,0.480101652527615,0.452710458073424,0.437153460415854,0.44077356762183206,0.444999346354776,0.44548341429824606,0.48734881782976003,0.504807066731644,0.511219963391813,0.514160649554906,0.49158883814165005,0.488063845415854,0.482795598424301,0.502572972050032,0.499244459226771
5,0.4245230337179489,0.426496533299025,0.442302290128968,0.372602004829932,0.412023948260135,0.39524568684563793,0.43329894215554704,0.438570850098697,0.435132339190683,0.42930377966048205,0.47248344544018894,0.494199088377418,0.454219959119558,0.44638402634827795,0.44737538954840794,0.506367025581547,0.5730594803508771,0.563774248567251,0.5451412502306691,0.549427283242365,0.552086271955815,0.48741569039960997,0.44011271901559496,0.4575278579922029,0.48224587453216405,0.48781345045809,0.4575232840090971,0.45639902236842106,0.44235694078622495,0.505291516832359,0.5960161195321639,0.641174871267057,0.604475241731644,0.586572528641975,0.5383188774366471,0.529984462244964,0.539565626738142,0.515543421952567,0.412824443895387,0.360077866510721,0.34504844252761496,0.34320581807342404,0.344102200415854,0.38292413762183203,0.41349321635477604,0.42611256429824607,0.45751220782976004,0.5159996967316439,0.5295027433918129,0.48185496955490603,0.44285824814165003,0.453595425415854,0.465687848424301,0.41831127205003205,0.400276679226771
6,,,,,,,,,,,,,0.46709217911955797,0.41468254634827795,0.39937824954840795,0.384571525581547,0.36405145035087705,0.39323285856725104,0.41448680023066903,0.423491553242365,0.42814333195581605,0.46458335039960996,0.48316324901559493,0.5025162379922029,0.5619610745321639,0.54916248045809,0.49585078400909705,0.45963990236842106,0.45746862078622497,0.430414846832359,0.419903549532164,0.425911521267057,0.460494671731644,0.485363118641975,0.47077938743664705,0.463551932244964,0.479970776738142,0.49454126195256704,0.43545947389538703,0.350514456510721,0.350932932527615,0.35680779807342405,0.345578970415854,0.34256478762183196,0.404915316354776,0.45058027429824604,0.48442342782976,0.5090729667316439,0.511519173391813,0.48171972955490605,0.46716866814165003,0.460859605415854,0.448580018424301,0.455193282050033,0.464364069226771
7,,,,,,,,,,,,,0.43552905911955797,0.5099386463482779,0.5021460995484079,0.566408815581547,0.503131070350877,0.507376998567251,0.518201460230669,0.503362223242365,0.538280201955816,0.5654687803996099,0.597509179015595,0.655878177992203,0.613251494532164,0.5865025804580899,0.6327960440090971,0.671410042368421,0.647461970786225,0.609315476832359,0.6231167795321639,0.638737921267057,0.6524454617316441,0.613698798641975,0.595346197436647,0.598630032244964,0.5804055167381421,0.556164101952566,0.5103200838953871,0.465983456510721,0.42162146252761495,0.377155088073424,0.354519020415854,0.34465864762183196,0.336360276354776,0.317842174298246,0.35641779782976,0.407409746731644,0.43259374339181295,0.42791372955490603,0.41125912814165005,0.390017655415854,0.424939188424301,0.441576102050033,0.423007849226771
8,0.5099153537179489,0.529125873299025,0.545448990128968,0.485983784829932,0.46195091826013496,0.4236506568456379,0.45633039215554705,0.44711501009869703,0.459163099190683,0.482661759660482,0.46554329544018996,0.34460111837741797,0.319038599119558,0.35227854634827793,0.39663374954840797,0.443042495581547,0.505313640350877,0.5191981185672511,0.515943640230669,0.5177882432423649,0.5640999919558161,0.60464210039961,0.585239759015595,0.6188134479922031,0.6844658045321639,0.69047694045809,0.706634754009097,0.637639692368421,0.581345630786225,0.541824216832359,0.588727949532164,0.612208541267057,0.5969045217316441,0.565822608641975,0.541497857436647,0.537971902244964,0.533688096738142,0.526658371952566,0.503146933895387,0.459501286510721,0.436857422527615,0.391869658073424,0.364506610415854,0.36166870762183206,0.352539036354776,0.36221429429824603,0.39649104782976,0.42837524673164395,0.46183605339181294,0.460499859554906,0.43348867814165004,0.442897125415854,0.435837958424301,0.495397692050033,0.521999079226771
9,,0.292062063299025,0.513497300128968,0.504382844829932,0.502732848260135,0.4700396668456379,0.4120889421555471,0.433626210098697,0.437063159190683,0.37421777966048203,0.3670207554401889,0.367119338377418,0.40230882911955795,0.4254645063482779,0.46786883954840797,0.544235525581547,0.5312937403508771,0.5184987685672511,0.587747250230669,0.625083953242365,0.660524241955816,0.6564778503996099,0.622561099015595,0.627595057992203,0.666749024532164,0.6342969404580899,0.579728304009097,0.575980962368421,0.630297730786225,0.590130416832359,0.5989274695321639,0.608711741267057,0.609225791731644,0.595855748641975,0.603970887436647,0.588916402244964,0.5632536567381421,0.5478323519525671,0.514423783895387,0.433564656510721,0.38246783252761496,0.355749228073424,0.318270880415854,0.32862530762183195,0.343293176354776,0.40418711429824605,0.49469652782976004,0.535750746731644,0.5527963833918129,0.560216579554906,0.53073415814165,0.464878485415854,0.400400658424301,0.399832992050033,0.444898829226771
10,,,,,,,,,,,,,0.443467449119558,0.506209456348278,0.557532409548408,0.520641635581547,0.49360270035087705,0.49691640856725106,0.46798362023066903,0.519859133242365,0.589327361955816,0.61876837039961,0.621441119015595,0.668938707992203,0.634830354532164,0.64428747045809,0.667936534009097,0.7006791323684209,0.7030428007862249,0.693134226832359,0.717923009532164,0.712184391267057,0.6740277417316439,0.646363068641975,0.625510467436647,0.611665702244964,0.610187836738142,0.599138191952567,0.582431003895387,0.545692966510721,0.482500092527615,0.410875468073424,0.365009840415854,0.34637179762183196,0.350711796354776,0.38608867429824606,0.46321564782976,0.535396736731644,0.587660003391813,0.608150619554906,0.5873073681416501,0.5313130354158541,0.485098558424301,0.488990972050033,0.500299149226771
11,,0.595895653299025,0.49225591012896797,0.481143414829932,0.44318669826013496,0.40120118684563794,0.4020717321555471,0.459482710098697,0.45269202919068297,0.41805731966048204,0.37887569544019,0.337986208377418,0.33907269911955795,0.36444644634827794,0.3949920995484079,0.39795716558154703,0.39159726035087705,0.40433133856725106,0.451985400230669,0.48241030324236495,0.48687809195581605,0.46476167039960997,0.49539818901559496,0.545308767992203,0.524158674532164,0.49955573045809,0.48725467400909706,0.535047782368421,0.585137620786225,0.628127906832359,0.6834863895321639,0.701191951267057,0.674897081731644,0.661256978641975,0.670337487436647,0.652690242244964,0.6220056667381421,0.551612601952567,0.42292389389538704,0.319599206510721,0.286984242527615,0.271299308073424,0.282774460415854,0.28144826762183195,0.317280766354776,0.33684311429824604,0.37026920782976,0.41461019673164395,0.507002083391813,0.5018019895549061,0.45351636814165003,0.409448585415854,0.392399348424301,0.391775972050033,0.409871099226771
12,0.5636883537179489,0.549742113299025,0.555789470128968,0.534372854829932,0.508956558260135,0.4488460068456379,0.46765469215554706,0.45896316009869703,0.45643522919068297,0.459068839660482,0.46124973544018893,0.437339578377418,0.43498341911955796,0.4671781663482779,0.48795093954840796,0.48397078558154705,0.475082800350877,0.48201032856725107,0.505857540230669,0.518328563242365,0.585958641955816,0.68885877039961,0.645551479015595,0.614126127992203,0.6332000645321639,0.6027324804580899,0.6251820240090971,0.635263722368421,0.631922630786225,0.624382316832359,0.6778366595321639,0.6814909112670571,0.6691954117316441,0.654303258641975,0.648775447436647,0.644853602244964,0.628097466738142,0.579301691952567,0.48338390389538705,0.397856406510721,0.39827550252761496,0.398816388073424,0.39363816041585403,0.38482348762183205,0.43222547635477604,0.43781509429824605,0.46558425782976004,0.5026260067316439,0.576221563391813,0.5613256295549061,0.5457970881416501,0.460758945415854,0.489273218424301,0.555545162050032,0.580957859226771
13,0.38175689371794896,0.362596773299025,0.403668270128968,0.436920694829932,0.451686248260135,0.44291140684563796,0.45746359215554705,0.428095050098697,0.387314499190683,0.396627899660482,0.4464765754401889,0.426655008377418,0.37225760911955796,0.3869842863482779,0.41428872954840795,0.458549915581547,0.509236780350877,0.548839848567251,0.5693588902306689,0.5892786032423649,0.662391801955816,0.7082211403996099,0.695349689015595,0.6924282179922029,0.621939374532164,0.60883205045809,0.579117424009097,0.5330059323684211,0.520328390786225,0.5436371168323589,0.622747739532164,0.661944021267057,0.6663018817316441,0.655674358641975,0.5745977274366469,0.501261332244964,0.467782036738142,0.441780171952567,0.3694316338953871,0.300949586510721,0.306105392527615,0.312237888073424,0.31041634041585403,0.30463419762183197,0.369540776354776,0.4431026542982461,0.47554601782976,0.49487124673164395,0.478661343391813,0.45733622955490605,0.41821805814165003,0.408643715415854,0.404574178424301,0.41429924205003205,0.396256979226771
14,0.29895713371794896,0.506772833299025,0.48540924012896797,0.468172034829932,0.454454978260135,0.4400395968456379,0.4723648421555471,0.471721310098697,0.461994359190683,0.49428806966048205,0.4618066054401889,0.421626258377418,0.46403084911955794,0.5135344363482779,0.5432746795484079,0.561038555581547,0.516068040350877,0.510816988567251,0.550173160230669,0.564533903242365,0.5783469919558161,0.66522308039961,0.7084300090155942,0.7490661579922029,0.7059171945321641,0.70842408045809,0.7457178640090971,0.7225836923684209,0.6895900407862249,0.671575526832359,0.665740549532164,0.647956701267057,0.638630631731644,0.629709718641975,0.626899717436647,0.598101362244964,0.5682131067381421,0.533698861952567,0.46196295389538705,0.393793616510721,0.355271492527615,0.324748988073424,0.313002810415854,0.33423858762183195,0.36942122635477603,0.3798235042982461,0.44975524782976,0.489609176731644,0.491459093391813,0.545955889554906,0.53870294814165,0.491673975415854,0.438242208424301,0.43151389205003204,0.432952689226771
15,,,,,,0.37924763684563795,0.45016914215554704,0.452454020098697,0.478950949190683,0.45879719966048205,0.41308941544019,0.419057148377418,0.46017580911955797,0.509492606348278,0.5006073095484079,0.5200424355815471,0.5107027503508771,0.474093508567251,0.488193550230669,0.508956813242365,0.5260811519558161,0.5559488003996099,0.6017766290155949,0.690296107992203,0.6777921645321638,0.65815582045809,0.661524594009097,0.679305732368421,0.6712725107862249,0.649406096832359,0.637043829532164,0.616983011267057,0.627805531731644,0.637188668641975,0.632959817436647,0.621928082244964,0.579832756738142,0.547194241952566,0.503940283895387,0.442844176510721,0.368496122527615,0.318646128073424,0.309175220415854,0.307480517621832,0.352859536354776,0.39333803429824604,0.46710515782976003,0.5067527667316439,0.512949233391813,0.49275949955490606,0.50883886814165,0.463921195415854,0.43151730842430097,0.451578962050033,0.479305669226771
16,,,,,0.518695528260135,0.4905980368456379,0.48043418215554706,0.465660130098697,0.472543119190683,0.43063074966048204,0.43929725544018894,0.356491758377418,0.36125889911955794,0.4074670263482779,0.5138680495484079,0.522744035581547,0.460008630350877,0.432740888567251,0.41769172023066903,0.427157423242365,0.4840994019558161,0.5529859003996099,0.5338786090155949,0.5391311779922029,0.558776144532164,0.5966111804580899,0.5913753240090971,0.591450622368421,0.634458820786225,0.6470125168323589,0.642986639532164,0.622684501267057,0.6610636317316441,0.697734868641975,0.6952169374366469,0.695745232244964,0.671006006738142,0.649937711952567,0.6430584538953871,0.6436362065107211,0.611385502527615,0.538367918073424,0.485900110415854,0.471575007621832,0.48073492635477605,0.41854605429824604,0.36757807782976004,0.415600206731644,0.47753063339181295,0.518910149554906,0.52325705814165,0.472374315415854,0.421307528424301,0.42053848205003297,0.414755369226771
17,,,,0.644208684829932,0.576713878260135,0.4725353468456379,0.4843816321555471,0.467676870098697,0.486522399190683,0.49837164966048203,0.51126529544019,0.464361418377418,0.44373620911955797,0.45666848634827795,0.523876449548408,0.539741835581547,0.472786230350877,0.420556518567251,0.434158910230669,0.44822640324236496,0.4682303419558161,0.5043476903996099,0.49004528901559496,0.6297203379922031,0.6911765445321639,0.6621995804580899,0.7065882740090971,0.7515456423684209,0.7392930707862249,0.707135786832359,0.6711158195321639,0.655421631267057,0.636438981731644,0.636198248641975,0.637812737436647,0.618383842244964,0.607234876738142,0.580606661952566,0.555854613895387,0.500269036510721,0.44098289252761497,0.383903898073424,0.356778270415854,0.35520174762183204,0.347374396354776,0.3677690542982461,0.43107172782976,0.502348416731644,0.538250113391813,0.5492826395549061,0.55643054814165,0.517409155415854,0.473401188424301,0.45807366205003297,0.417187409226771
18,0.46220383371794893,0.433930603299025,0.42765615012896796,0.414125504829932,0.399926738260135,0.39549373684563793,0.4347926321555471,0.47140242009869704,0.499929009190683,0.468163759660482,0.46853995544019,0.472008298377418,0.522335119119558,0.518507006348278,0.5748662895484079,0.548807255581547,0.515620630350877,0.49882942856725104,0.523867430230669,0.548512683242365,0.6091073919558161,0.61336790039961,0.598962079015595,0.612697687992203,0.5764976045321639,0.59213252045809,0.6189081240090971,0.617439102368421,0.641803000786225,0.608482856832359,0.643459329532164,0.668603661267057,0.6933612417316439,0.691633228641975,0.688120067436647,0.661310632244964,0.611952836738142,0.5404183119525671,0.48370749389538703,0.426627716510721,0.39666898252761496,0.380596898073424,0.368444230415854,0.36971881762183206,0.43398681635477604,0.45785799429824603,0.48687795782976,0.516597646731644,0.555827063391813,0.559202459554906,0.54769479814165,0.48972422541585403,0.421731768424301,0.40475086205003297,0.426605079226771
19,,,,,,,,,,,,,0.38235383911955795,0.4007084063482779,0.44740997954840794,0.508676315581547,0.49101625035087704,0.487888518567251,0.512488270230669,0.556419993242365,0.582643811955816,0.60633801039961,0.596168539015595,0.656681677992203,0.651215164532164,0.65609389045809,0.6669644540090971,0.655843562368421,0.644480360786225,0.630511746832359,0.6466689095321639,0.645480591267057,0.6067951417316441,0.610022888641975,0.6405239374366469,0.621945472244964,0.5850163967381421,0.531052371952566,0.47721727389538704,0.432060766510721,0.369914622527615,0.34189386807342403,0.359233570415854,0.36778962762183204,0.350630176354776,0.35696236429824607,0.41246463782976,0.442249796731644,0.495846473391813,0.46099720955490603,0.44404676814165006,0.447507905415854,0.432673408424301,0.47733668205003205,0.464116589226771
20,0.46147117371794893,0.464932023299025,0.396017020128968,0.37233385482993203,0.414916048260135,0.4215983268456379,0.4380796121555471,0.401015280098697,0.384725039190683,0.41096214966048206,0.42023177544018997,0.399877048377418,0.43127397911955795,0.43407416634827795,0.47067631954840794,0.541540025581547,0.546203980350877,0.549839978567251,0.6010986802306689,0.632572983242365,0.6672267819558161,0.69872945039961,0.7280872690155951,0.740794537992203,0.638920324532164,0.6376694804580899,0.6623835340090971,0.639989752368421,0.6060154607862249,0.599965966832359,0.631125319532164,0.645233271267057,0.641993831731644,0.632284138641975,0.614183817436647,0.597529002244964,0.580685686738142,0.550416591952567,0.46573728389538704,0.366644866510721,0.315055202527615,0.324683708073424,0.352171990415854,0.396522667621832,0.450190456354776,0.49174789429824606,0.49531913782976,0.520399366731644,0.5037715833918129,0.47413608955490605,0.45257491814165,0.404962595415854,0.382381328424301,0.39754245205003297,0.418231029226771
21,0.40507179371794894,0.411617723299025,0.456271630128968,0.509287784829932,0.49138830826013496,0.49705991684563794,0.45589257215554707,0.44816077009869704,0.407870799190683,0.42841083966048205,0.3917518654401889,0.392327468377418,0.40985580911955793,0.4998876663482779,0.5118294895484079,0.484499455581547,0.44074159035087707,0.47995091856725103,0.534213630230669,0.5785301132423649,0.6054941719558161,0.63908378039961,0.648411709015595,0.6209000379922031,0.6263487845321639,0.66910666045809,0.6554578540090971,0.706161782368421,0.695543940786225,0.713189716832359,0.715362139532164,0.6997910512670571,0.684059441731644,0.652424868641975,0.6636841674366469,0.6219311922449641,0.5611844967381421,0.49461636195256703,0.47879053389538706,0.429824086510721,0.384077872527615,0.36809257807342405,0.347904600415854,0.31309562762183196,0.317308336354776,0.3534558142982461,0.43480613782976,0.49636817673164396,0.521937453391813,0.5018156495549061,0.45895154814165,0.449087195415854,0.440028148424301,0.45858598205003204,0.445447659226771
22,0.40667534371794894,0.454210623299025,0.451928400128968,0.443844404829932,0.396152198260135,0.32929938684563803,0.3954297921555471,0.437873220098697,0.47027220919068297,0.420372169660482,0.36149090544018997,0.341137138377418,0.345824199119558,0.4184961563482779,0.47436360954840795,0.475590535581547,0.48425866035087706,0.49048804856725103,0.525253190230669,0.544157503242365,0.5885323919558161,0.6342639303996099,0.680075219015595,0.7305689679922029,0.6614396345321639,0.65042408045809,0.661578554009097,0.686266852368421,0.7031341607862249,0.680291506832359,0.6848081495321638,0.656588201267057,0.6158968717316441,0.595541208641975,0.5867573174366469,0.565308002244964,0.531291476738142,0.499348121952567,0.45268608389538706,0.411311796510721,0.392783942527615,0.362126378073424,0.345730290415854,0.358891417621832,0.420721826354776,0.45100809429824607,0.50136789782976,0.5542943567316441,0.5614173233918129,0.5229978795549061,0.49605125814165,0.468571485415854,0.460975808424301,0.48164433205003204,0.465467479226771
23,,,,,,,,,,,,,0.40777399438271594,0.452237903791887,0.46333790072134,0.508922256589065,0.5351492549523811,0.519781963920635,0.552767926636684,0.572727997287478,0.6830280528430339,0.659058390068783,0.590558335962963,0.633050103375661,0.646606407253968,0.652037889179894,0.6623037050617281,0.6694974941428571,0.670288636335097,0.680982687148148,0.690502412539683,0.6994137290264549,0.6770091878218689,0.6546988849276899,0.6650108045343921,0.6878462731622571,0.70146602643739,0.667528896463845,0.579428556075838,0.49771990646560793,0.418882289865961,0.37650546742680796,0.355555379107584,0.328495689005291,0.320368053407407,0.37072892795238105,0.37738264670194,0.407433655964727,0.47765571415873,0.513761994622575,0.5080014636754849,0.4832142586790121,0.492307223236332,0.505805435268078,0.5009333437530861
24,0.47173733371794896,0.567963348857338,0.579215882048611,0.540411500284477,0.5865822028624079,0.617279081997153,0.646365147449664,0.650182341578198,0.6046150533618061,0.544258630498271,0.474927232178157,0.447132774527151,0.484117634382716,0.5602826037918871,0.54793627072134,0.5261852165890649,0.49717649495238103,0.484606673920635,0.507590116636684,0.536528037287478,0.519333222843034,0.537126420068783,0.588073325962963,0.660029933375661,0.702472037253968,0.6582955491798941,0.645250645061728,0.6264246341428571,0.634815726335097,0.630361537148148,0.6456563825396829,0.679464789026455,0.659119087821869,0.6041780949276899,0.5735346945343921,0.5850615431622571,0.58186500643739,0.558340266463845,0.537839066075838,0.487771266465609,0.436257439865961,0.40085283742680794,0.370895089107584,0.371347229005291,0.377685403407407,0.41061072795238107,0.42947665670194,0.460157335964727,0.48462223415872996,0.48656126462257504,0.48338179367548495,0.4442267286790121,0.460467523236332,0.4847254552680779,0.504248413753086
25,0.47829297867408904,0.46217151621839503,0.53977503852828,0.527000480412261,0.545368380376099,0.50201056202636,0.534767468895448,0.5525188091064929,0.570187852868925,0.499075810206194,0.47521922911134495,0.469782803749495,0.5553390118271601,0.582177447395062,0.5634694577530861,0.531120509938272,0.577130059,0.5796397548888891,0.541116230382716,0.5752090742716051,0.588926730827161,0.5966579408148149,0.5991368161851851,0.656795391740741,0.663864421,0.6153444694814809,0.68393368417284,0.651180895333333,0.668297624049383,0.698440802925926,0.7377805175555558,0.7374748318518521,0.70642880345679,0.6857858870864201,0.663421313407407,0.6398804023209879,0.6401088845802471,0.6778575823209879,0.6920556411234571,0.667576946703704,0.662762979135803,0.655687279728395,0.6215495110123461,0.5588908990370369,0.48562259918518497,0.415327386777778,0.398098413987654,0.46164329134567894,0.527336197,0.555272162432099,0.567543585135802,0.563066761234568,0.5477729611728389,0.532044388283951,0.5295327169753089
26,0.551442893717949,0.595427478857337,0.625716572048611,0.611556030284477,0.6018198528624079,0.5537803719971529,0.519645897449664,0.581648991578198,0.5250464033618061,0.48693883049827097,0.43507136217815706,0.393833724527151,0.40414675438271597,0.478487673791887,0.52792325072134,0.565813206589065,0.543915124952381,0.514841923920635,0.5464052966366839,0.563807387287478,0.6486420828430339,0.704193850068783,0.661387015962963,0.6926630633756611,0.6897260072539679,0.672018189179894,0.6528615450617281,0.7346811141428571,0.7142367563350971,0.6226353471481479,0.6027133725396829,0.591521499026455,0.60011013782187,0.60303822492769,0.623671724534392,0.6131879231622571,0.61186819643739,0.569574596463845,0.49054350607583797,0.428475056465609,0.374426819865961,0.351708297426808,0.350575569107584,0.379062179005291,0.45007602340740704,0.522852597952381,0.56664743670194,0.565185855964727,0.55002646415873,0.544010654622575,0.515801203675485,0.48016137867901204,0.462568543236332,0.45273485526807794,0.5073181737530861
27,0.624642408674089,0.527409426218395,0.48761735852828003,0.5014252904122609,0.49163768037609895,0.46987977202635994,0.529746528895447,0.510682949106493,0.5493123628689249,0.505371930206194,0.502468169111345,0.454601053749495,0.45418450182715997,0.483405367395062,0.553672037753086,0.5850942199382719,0.505940369,0.508870924888889,0.536231810382716,0.515778464271605,0.609832370827161,0.612859630814815,0.651399836185185,0.617579771740741,0.662023011,0.660096409481481,0.70580754417284,0.6750245353333331,0.7091646340493829,0.7086610029259258,0.692531447555556,0.6804352018518521,0.67528502345679,0.68039521708642,0.6655869734074069,0.6439532623209879,0.6185562345802471,0.5790500423209879,0.584963691123457,0.536066836703704,0.47622223913580297,0.41826687972839505,0.372456661012346,0.35433251903703705,0.362618259185185,0.38773666677777796,0.443375433987654,0.49098028134567895,0.507892597,0.513830972432099,0.524399135135802,0.48891326123456796,0.46324690117284,0.456453398283951,0.48122870697530895
28,0.578703308674089,0.588541386218395,0.55812738852828,0.574359160412261,0.5107521803760989,0.5134849320263599,0.584479458895448,0.5724345791064929,0.510138872868925,0.500790050206194,0.466516989111345,0.474536573749495,0.53217874182716,0.680031397395062,0.6753431177530861,0.720107419938272,0.639532959,0.532007624888889,0.512473870382716,0.576161584271605,0.612197590827161,0.619650850814815,0.678780236185185,0.674843431740741,0.590282031,0.683712299481481,0.69560709417284,0.774229885333333,0.776313424049383,0.7581708029259259,0.7689274675555559,0.720830301851852,0.69873959345679,0.6843008170864201,0.674099083407407,0.6536812923209879,0.6697780645802471,0.6732601123209879,0.6798184511234571,0.642892406703704,0.557711059135803,0.46185037972839504,0.420784621012346,0.40386805903703704,0.403982989185185,0.40196241677777794,0.427214213987654,0.49240889134567895,0.549989857,0.598062082432099,0.6082237751358021,0.5774318212345679,0.5211941011728389,0.461749418283951,0.45448497697530893
29,0.49160212867408903,0.479566836218395,0.50916030852828,0.48929002041226094,0.45822917037609895,0.37280015202635997,0.384752638895448,0.34557426910649297,0.40332127286892494,0.416976740206194,0.45777075911134496,0.410348283749495,0.43350072182716,0.534023807395062,0.5639345977530861,0.609039709938272,0.563456619,0.503983984888889,0.493903440382716,0.508652444271605,0.567137340827161,0.5890492608148149,0.6290964461851851,0.688077251740741,0.6767758709999999,0.6653401594814821,0.71813910417284,0.729024815333333,0.698749374049383,0.699104102925926,0.622503467555556,0.591199811851852,0.5802868534567901,0.5748685170864201,0.591765943407407,0.5877954123209879,0.6094457345802471,0.6088790623209879,0.591547201123457,0.512412716703704,0.424625229135803,0.36633335972839504,0.337024811012346,0.325170379037037,0.347431949185185,0.362434866777778,0.393043143987654,0.46803163134567893,0.481951607,0.445795542432099,0.41681862513580203,0.426350211234568,0.46292879117283897,0.46614497828395096,0.42227002697530897
30,0.511833608674089,0.524587766218395,0.46895931852828004,0.47033475041226097,0.48146365037609895,0.49768437202635996,0.505643438895448,0.444860619106493,0.40600472286892497,0.403727100206194,0.39846584911134497,0.417473563749495,0.48717332182715994,0.511739997395062,0.508827497753086,0.510751249938272,0.49799990899999996,0.520802764888889,0.5997153603827161,0.627241154271605,0.548868720827161,0.461228320814815,0.488443086185185,0.568537731740741,0.669134741,0.735734439481481,0.82751773417284,0.848687835333333,0.829043264049383,0.7570703729259258,0.7320396075555559,0.7332694318518521,0.67811325345679,0.64516783708642,0.628062083407407,0.6295419423209879,0.6277890245802471,0.6454117223209879,0.640359511123457,0.598960516703704,0.553752439135803,0.49086451972839507,0.446123101012346,0.42014574903703705,0.393637479185185,0.40990490677777797,0.45162597398765403,0.5029284113456789,0.506740807,0.494542312432099,0.48445911513580203,0.49337750123456797,0.50708494117284,0.5557107082839511,0.518141386975309
31,0.515835098674089,0.466188556218395,0.44680690852828003,0.47088899041226095,0.48190984037609896,0.48084082202635997,0.443569318895448,0.406370479106493,0.42794760286892497,0.429208520206194,0.43600094911134496,0.444522133749495,0.46424143182716,0.493568337395062,0.533322797753086,0.535766409938272,0.543699019,0.6116425748888891,0.5869229003827161,0.6238762942716051,0.551505890827161,0.47186837081481503,0.5556069561851851,0.603528711740741,0.597711631,0.618444259481481,0.64446795417284,0.691306445333333,0.693211404049383,0.678032322925926,0.7071546075555558,0.7269227118518521,0.71689916345679,0.68119087708642,0.648994223407407,0.6107067623209879,0.5849460445802471,0.5741069923209878,0.5501969211234571,0.512393706703704,0.45960083913580296,0.40980999972839505,0.391337271012346,0.39939554903703706,0.421992009185185,0.451286526777778,0.473882533987654,0.46943929134567897,0.46423445700000004,0.46752853243209896,0.473097375135802,0.47890322123456797,0.48885302117283896,0.472757668283951,0.455945866975309
32,0.5099668086740891,0.511598216218395,0.51107440852828,0.5021086504122609,0.5024488603760989,0.52591513202636,0.506939808895448,0.501919549106493,0.494856162868925,0.426954570206194,0.40714136911134496,0.502918073749495,0.605113531827161,0.467999277395062,0.503137477753086,0.557323929938272,0.5829408389999999,0.577719904888889,0.6375429403827161,0.6851526242716051,0.696163560827161,0.734626560814815,0.6648710961851851,0.708927231740741,0.670544811,0.627993989481481,0.60333576417284,0.693623885333333,0.704596564049383,0.616094052925926,0.534879007555556,0.567605021851852,0.6006782134567901,0.6657170270864201,0.7050666734074069,0.7103921323209879,0.7160170245802471,0.7565384123209878,0.7756203111234571,0.7471693367037041,0.6869662691358019,0.601489119728395,0.548396871012346,0.503699759037037,0.46800888918518496,0.415931226777778,0.390021303987654,0.38791547134567894,0.457352087,0.515356592432099,0.5224906151358021,0.503810281234568,0.48966002117283897,0.48979498828395096,0.476973326975309
33,0.5879949686740891,0.529906466218395,0.47760564852828,0.45177327041226095,0.46289336037609896,0.42991287202635997,0.464939938895448,0.468505599106493,0.45672345286892496,0.426432630206194,0.352091679111345,0.345258873749495,0.41270565182715996,0.452572947395062,0.507794317753086,0.502378059938272,0.453118509,0.45960982488888896,0.464864790382716,0.5162837442716051,0.588583810827161,0.578915090814815,0.6177016861851851,0.741628071740741,0.731274751,0.673016759481481,0.6792310341728399,0.752861225333333,0.7445316540493829,0.7319837529259259,0.7143371675555559,0.7089549018518521,0.6701631034567901,0.6645835670864201,0.662765363407407,0.6281412223209879,0.5969011345802471,0.5774643823209878,0.544626231123457,0.493820366703704,0.422903279135803,0.38710790972839504,0.390020271012346,0.39801821903703705,0.419911189185185,0.465703196777778,0.496905393987654,0.506663531345679,0.495508547,0.487692612432099,0.48705642513580205,0.477250151234568,0.45731070117284,0.470216288283951,0.5195189569753089
34,0.595120368674089,0.499135006218395,0.43258921852828003,0.414309230412261,0.343755910376099,0.33320730202636,0.397096338895448,0.457862189106493,0.551266282868925,0.578638480206194,0.551191939111345,0.482071913749495,0.50874914182716,0.584508617395062,0.5910197477530861,0.540622309938272,0.504618189,0.499416974888889,0.499064900382716,0.517083754271605,0.567377480827161,0.6003926208148149,0.5675124761851851,0.572336561740741,0.588417061,0.5584298594814809,0.59065171417284,0.644884885333333,0.6669714440493829,0.680312012925926,0.7076193875555559,0.7188971218518521,0.73411813345679,0.7246285470864201,0.711918453407407,0.6978015023209879,0.6797999445802471,0.7024145423209879,0.7195645411234571,0.639222736703704,0.536040649135803,0.451144439728395,0.433813051012346,0.40732859903703705,0.377442529185185,0.39810705677777797,0.462274323987654,0.525866071345679,0.566281447,0.5586490724320989,0.544255685135802,0.519921091234568,0.5123776411728389,0.48607202828395096,0.467125076975309
35,0.5421424386740891,0.494035706218395,0.49605824852828,0.44544982041226094,0.47589960037609896,0.53831279202636,0.662585238895448,0.592174069106493,0.49682106286892497,0.472332690206194,0.46384637911134496,0.458636983749495,0.49934406182715996,0.504759887395062,0.6168168977530861,0.661038179938272,0.618008929,0.587327274888889,0.609598590382716,0.622865634271605,0.603383970827161,0.5767451908148149,0.6240080161851851,0.671185821740741,0.698782461,0.722838169481481,0.73643362417284,0.753186645333333,0.777168464049383,0.7701214329259258,0.7644189075555559,0.768229331851852,0.73878313345679,0.6972379970864201,0.690791183407407,0.6685335823209879,0.6547799645802471,0.6464003023209879,0.626947151123457,0.568980936703704,0.507858089135802,0.45608582972839506,0.425577041012346,0.40736969903703707,0.42347231918518496,0.471848126777778,0.526608483987654,0.5630878813456789,0.561511807,0.524578222432099,0.515673965135802,0.496952571234568,0.47166326117283897,0.464272658283951,0.5057514469753089
36,0.509639078674089,0.49836593621839503,0.5277906285282801,0.513736130412261,0.47055864037609896,0.43318381202635997,0.435716818895448,0.440447749106493,0.42631920286892494,0.418304800206194,0.430167829111345,0.452430463749495,0.44082152182715995,0.608090537395062,0.6508224477530861,0.511785949938272,0.458132059,0.522148764888889,0.612954520382716,0.659509494271605,0.6987496608271611,0.727109880814815,0.738892056185185,0.719911281740741,0.682062141,0.6583112794814809,0.6944108641728399,0.711988025333333,0.733010514049383,0.7382889229259259,0.7259846675555558,0.693206011851852,0.66221077345679,0.65360989708642,0.649483213407407,0.6727480323209879,0.6627034945802471,0.6387914123209879,0.6060257411234571,0.560399986703704,0.488030259135803,0.45392638972839505,0.422918021012346,0.409953639037037,0.41639890918518496,0.441859566777778,0.509654373987654,0.5591523813456789,0.565553257,0.561262922432099,0.560295615135803,0.557740391234568,0.557569171172839,0.529494388283951,0.523525726975309
37,0.559543188674089,0.5364002162183951,0.47906574852828004,0.46753661041226097,0.46470457037609897,0.44904340202635995,0.467293018895448,0.527788879106493,0.514743812868925,0.496963960206194,0.47721037911134495,0.415718103749495,0.47706073182715997,0.479637867395062,0.48436842775308603,0.496438819938272,0.500014229,0.502378524888889,0.512357720382716,0.565013064271605,0.571086270827161,0.5874251008148149,0.5636491561851851,0.653359401740741,0.690048531,0.682743549481481,0.6560479841728399,0.668695245333333,0.6954397040493829,0.7346541029259258,0.7761291475555558,0.7700725818518521,0.77023073345679,0.7605891670864201,0.7247596134074069,0.6880093123209878,0.6804861545802471,0.6725185823209879,0.6701267211234571,0.609858256703704,0.556124019135802,0.503949349728395,0.480025541012346,0.45086284903703705,0.454643799185185,0.511478476777778,0.5788288439876539,0.629602391345679,0.6070272870000001,0.529931432432099,0.525535805135802,0.530342731234568,0.5399429611728389,0.493477778283951,0.44670543697530896
38,0.645907048674089,0.558327306218395,0.56871313852828,0.519378650412261,0.491922450376099,0.43717938202636,0.501687608895448,0.492099479106493,0.472530552868925,0.476521100206194,0.463263989111345,0.431911063749495,0.5075433518271599,0.525986907395062,0.547955717753086,0.563646279938272,0.570280339,0.5778605248888891,0.6112385003827161,0.631774394271605,0.652642960827161,0.595004380814815,0.6514638161851851,0.704029371740741,0.731678791,0.724910259481481,0.7072847441728399,0.710174585333333,0.695337034049383,0.678239242925926,0.668740767555556,0.649199891851852,0.64037346345679,0.6484572970864201,0.638399823407407,0.6352989123209879,0.6286768345802471,0.6183146723209879,0.5721404811234571,0.528109336703704,0.48352354913580203,0.44634209972839506,0.431919341012346,0.41679884903703707,0.424179379185185,0.49006554677777797,0.5628684639876539,0.6058239813456789,0.612758577,0.609661672432099,0.586335075135803,0.549630601234568,0.5067728611728389,0.459163678283951,0.42131401697530896
39,,0.543504056218395,0.48135993852828,0.5079417004122609,0.524524250376099,0.538947472026361,0.480639848895448,0.471218779106493,0.45820041286892493,0.399723260206194,0.48601918911134495,0.480027753749495,0.50083488182716,0.471427947395062,0.471656247753086,0.5232043799382721,0.553342449,0.5596194748888891,0.575679200382716,0.645159534271605,0.620494310827161,0.628292620814815,0.6348922561851851,0.701624071740741,0.749417571,0.707124679481481,0.74150676417284,0.684599525333333,0.707436194049383,0.7106770829259258,0.7185837875555559,0.7408078318518521,0.71498839345679,0.6890881970864201,0.7015901034074069,0.7021705223209879,0.6792580245802471,0.6454125123209878,0.642103631123457,0.596848466703704,0.530128369135803,0.459825959728395,0.397571661012346,0.37566269903703703,0.409099759185185,0.475738476777778,0.530780743987654,0.541527151345679,0.504255067,0.47339229243209896,0.456679615135802,0.471102661234568,0.53198513117284,0.548784378283951,0.537069966975309
40,0.570148208674089,0.544748796218395,0.53172422852828,0.499039810412261,0.49189235037609896,0.50699877202636,0.522811518895448,0.503436259106493,0.45613878286892495,0.450093250206194,0.432656339111345,0.438247363749495,0.38628210182716,0.417924807395062,0.40991415775308604,0.42230982993827204,0.481190149,0.5150931248888889,0.5576436003827161,0.591341224271605,0.632370650827161,0.637427070814815,0.5866916661851851,0.624473401740741,0.647494111,0.6344157294814821,0.65312587417284,0.713301195333333,0.766183394049383,0.7544373629259259,0.7628880375555559,0.7429073118518521,0.70196572345679,0.66440957708642,0.6663387134074069,0.6759396823209879,0.6626738445802471,0.6337384223209879,0.6101827011234571,0.533484586703704,0.46578758913580204,0.42645788972839505,0.410113291012346,0.40596145903703706,0.413993959185185,0.462308246777778,0.511369163987654,0.5115181113456789,0.518531307,0.527404642432099,0.515719015135802,0.49951748123456796,0.49458341117283894,0.478898708283951,0.49539934697530896
41,0.545506738674089,0.522194326218395,0.50461525852828,0.49294343041226096,0.453886460376099,0.45520355202636,0.469091898895448,0.5048319191064929,0.551625442868925,0.521693440206194,0.477507639111345,0.489670293749495,0.54154291182716,0.500415337395062,0.473837257753086,0.458271759938272,0.481034449,0.530388604888889,0.5448961603827159,0.569893064271605,0.573718730827161,0.533621920814815,0.5124998461851851,0.6034890017407409,0.6212543110000001,0.5785650994814809,0.5891348041728399,0.624607395333333,0.6468391640493829,0.653849082925926,0.686062307555556,0.699837421851852,0.70962223345679,0.73164684708642,0.7296330334074069,0.6858630823209879,0.6489284345802471,0.6313117323209879,0.6303124411234571,0.592895116703704,0.542510989135803,0.48258748972839505,0.432980071012346,0.41543701903703706,0.445729929185185,0.48398648677777795,0.531884333987654,0.5594253013456789,0.5617759370000001,0.532831852432099,0.506283905135802,0.5033559612345679,0.5287266811728389,0.5595843482839511,0.5710246369753089
42,0.478230958674089,0.459316376218395,0.48171171852828004,0.44204653041226094,0.377302450376099,0.36021676202635994,0.411041548895448,0.444679519106493,0.43524011286892494,0.415077640206194,0.374455029111345,0.438293363749495,0.46018237182716,0.461367337395062,0.399527877753086,0.42327704993827203,0.458689619,0.45892265488888895,0.533173510382716,0.543255594271605,0.506587120827161,0.496299940814815,0.5829601261851851,0.6508737117407409,0.612752081,0.5734067194814809,0.61183591417284,0.661587595333333,0.661072144049383,0.657534602925926,0.684653107555556,0.686511831851852,0.64056746345679,0.63043519708642,0.615475523407407,0.5850851023209879,0.5429488045802471,0.520263492320988,0.5140758411234571,0.467807146703704,0.41756436913580297,0.38877534972839506,0.371465891012346,0.370574529037037,0.41053123918518497,0.450408516777778,0.503859133987654,0.5169733713456789,0.514730447,0.5051658424320989,0.501996275135802,0.49867641123456796,0.48996164117283897,0.493850748283951,0.505025856975309
43,0.658417198674089,0.634377126218395,0.63508434852828,0.611222050412261,0.591355520376099,0.48899806202636,0.499723298895448,0.516865609106493,0.537759712868925,0.537982770206194,0.5413563091113449,0.551474393749495,0.58639806182716,0.625148827395062,0.529747747753086,0.531896379938272,0.542210189,0.539793194888889,0.495218560382716,0.5716278642716051,0.587487380827161,0.468381240814815,0.42306758618518503,0.520458211740741,0.5985426110000001,0.6085330694814809,0.66426489417284,0.702236805333333,0.7320984840493829,0.7187669529259259,0.684545547555556,0.6842498418518521,0.68400822345679,0.70709643708642,0.692377653407407,0.6776305423209878,0.7041193545802471,0.6904135023209879,0.6599152511234571,0.595399516703704,0.537181819135803,0.47145245972839506,0.428282891012346,0.39434357903703704,0.409257819185185,0.43902908677777797,0.470707493987654,0.5239708513456789,0.542850567,0.529962662432099,0.49348379513580204,0.477702471234568,0.47592657117283893,0.45415234828395096,0.43387557697530893
44,0.591454268674089,0.563176406218395,0.49904266852828005,0.5231638604122609,0.524701430376099,0.51501328202636,0.500263858895448,0.469530399106493,0.486089522868925,0.485382430206194,0.44125910911134497,0.561792923749495,0.62086282182716,0.690238807395062,0.5725020077530861,0.406986709938272,0.517505029,0.48522997488888897,0.5606339603827161,0.592879254271605,0.631167590827161,0.6115400108148149,0.6068641661851851,0.649374801740741,0.633202021,0.6230085094814809,0.6713726241728399,0.700641915333333,0.714588074049383,0.7450503929259259,0.7619143975555559,0.7576300118518521,0.74186957345679,0.7227625770864201,0.680544473407407,0.6570175723209879,0.6651626745802471,0.6923828623209879,0.664367991123457,0.588019556703704,0.49661957913580296,0.43834156972839505,0.404908801012346,0.38946346903703705,0.40526894918518497,0.44918709677777796,0.488491023987654,0.45342451134567896,0.46872684700000006,0.469980842432099,0.46463316513580205,0.49511587123456796,0.5103390411728389,0.48368466828395096,0.41810013697530896
45,0.619983948674089,0.567564426218395,0.50422966852828,0.5203830904122609,0.474937520376099,0.46754348202636,0.472484728895448,0.493397899106493,0.45347369286892497,0.488315370206194,0.47875885911134497,0.512380863749495,0.52094365182716,0.544554857395062,0.5654794577530861,0.573537829938272,0.568398219,0.562044174888889,0.580913800382716,0.588797004271605,0.590263070827161,0.604372170814815,0.594457736185185,0.5986716617407409,0.6118076410000001,0.5766114094814809,0.65931680417284,0.755774455333333,0.7322487540493829,0.626105092925926,0.590948357555556,0.629511741851852,0.67693207345679,0.67746762708642,0.6884871934074069,0.6918399523209878,0.7256820845802471,0.7640209523209879,0.7523081011234571,0.683539896703704,0.628755939135803,0.5479378697283951,0.454470951012346,0.43931096903703704,0.466707429185185,0.49570055677777797,0.524471333987654,0.538653001345679,0.580295607,0.5456078024320989,0.477164175135802,0.457327111234568,0.480806461172839,0.495738638283951,0.529250296975309
46,0.561112768674089,0.487685146218395,0.47382659852828,0.43699295041226094,0.383837520376099,0.37614343202635997,0.395520178895448,0.412036109106493,0.393081792868925,0.359038890206194,0.42405209911134495,0.356981813749495,0.49164083182715995,0.578086397395062,0.517840657753086,0.439792559938272,0.429835499,0.44289993488888896,0.5034941503827159,0.432484904271605,0.412771290827161,0.391986710814815,0.412677376185185,0.4575484917407411,0.484560161,0.500546299481481,0.5305917941728401,0.572180135333333,0.590949314049383,0.580924842925926,0.595285417555556,0.628102181851852,0.67271119345679,0.6884116370864201,0.6672021434074069,0.6404634823209879,0.6332244345802471,0.6113496523209879,0.5485326311234571,0.471666006703704,0.40660832913580297,0.36493090972839504,0.364353021012346,0.35289984903703703,0.350939149185185,0.410079706777778,0.467063173987654,0.46824441134567896,0.47154413700000003,0.46165783243209896,0.478119245135802,0.461766681234568,0.45187859117284,0.47333438828395097,0.457445656975309
47,0.613500878674089,0.553091286218395,0.53593863852828,0.550611740412261,0.554280700376099,0.55291939202636,0.567299418895448,0.508171879106493,0.515456212868925,0.531527350206194,0.47157810911134496,0.398552383749495,0.43166027182716,0.549969737395062,0.6267518377530861,0.479644129938272,0.37406929899999997,0.437970734888889,0.489189480382716,0.501249334271605,0.528029540827161,0.5476542408148151,0.5975627561851851,0.683639861740741,0.7105694709999999,0.741120649481481,0.81936405417284,0.783269605333333,0.7725474440493829,0.7870751329259259,0.8278764975555558,0.766204141851852,0.6538406034567901,0.60117608708642,0.593586843407407,0.5832087623209878,0.5602209545802471,0.543730882320988,0.543953581123457,0.489301486703704,0.440338919135803,0.40852588972839504,0.377659621012346,0.336316689037037,0.341671689185185,0.35497526677777796,0.375324453987654,0.41180406134567893,0.40275492700000004,0.45828701243209896,0.457301435135802,0.441844471234568,0.44961461117284,0.40992055828395096,0.41892926697530897
48,0.431590868674089,0.351823766218395,0.33000709852828003,0.316942630412261,0.35281598037609896,0.28839398202636,0.334371268895448,0.381798739106493,0.430554102868925,0.425693720206194,0.389018019111345,0.354003043749495,0.39656505182715995,0.552155217395062,0.6603839777530861,0.5808720099382719,0.519622469,0.549735944888889,0.572201900382716,0.640301564271605,0.7263917108271609,0.694233560814815,0.717016726185185,0.762976121740741,0.758282171,0.722608109481481,0.74177588417284,0.754072185333333,0.7334736140493829,0.7320334429259259,0.7515566975555559,0.7409604918518521,0.72285958345679,0.70446134708642,0.677402223407407,0.6695258123209878,0.6590391345802471,0.6445885423209878,0.5905508511234571,0.492285786703704,0.42134645913580204,0.37861409972839505,0.355172731012346,0.35135665903703694,0.348165259185185,0.38565828677777797,0.409266633987654,0.44306827134567894,0.48688762700000005,0.463176092432099,0.440832395135802,0.433970781234568,0.448838801172839,0.442596358283951,0.46167127697530896
49,0.617434678674089,0.532311476218395,0.50778747852828,0.46745184041226095,0.48657099037609897,0.47940649202636,0.487070628895448,0.462589989106493,0.44672169286892494,0.494633930206194,0.487198849111345,0.541438263749495,0.54327861182716,0.460131277395062,0.405528347753086,0.426586989938272,0.445623139,0.5338181048888889,0.562353100382716,0.647164534271605,0.659997110827161,0.6527629008148149,0.608588646185185,0.568336541740741,0.548150061,0.535710459481481,0.5416073241728401,0.5693246053333331,0.560535714049383,0.565774972925926,0.571563187555556,0.608623831851852,0.64666642345679,0.6696679670864201,0.6341945734074069,0.6206409923209879,0.6570095045802471,0.6740179323209878,0.660324791123457,0.670529886703704,0.6711553391358019,0.6033120597283951,0.530968961012346,0.457892969037037,0.43765108918518497,0.47190299677777797,0.524408023987654,0.554264571345679,0.559839057,0.558090962432099,0.541837385135802,0.530135171234568,0.49463262117284,0.495923268283951,0.4996773169753089
50,0.525110428674089,0.5451572562183951,0.51305836852828,0.458394630412261,0.45435190037609896,0.45745566202635995,0.466387788895448,0.449746299106493,0.45717119286892494,0.475105370206194,0.44962383911134496,0.418733953749495,0.45740550182715994,0.436342467395062,0.47016336775308604,0.494183269938272,0.48990349899999996,0.513301444888889,0.548595010382716,0.600436934271605,0.651943790827161,0.664033620814815,0.6616552461851851,0.670117701740741,0.684575261,0.725776709481481,0.72668920417284,0.734221175333333,0.724989254049383,0.690159552925926,0.7236721275555559,0.7396149318518521,0.69642874345679,0.68307512708642,0.664883993407407,0.6394303023209879,0.6175040045802471,0.6260296923209879,0.601851841123457,0.512764076703704,0.43792719913580297,0.40285593972839506,0.375308421012346,0.371016329037037,0.398793589185185,0.425813446777778,0.465028493987654,0.5138436113456789,0.556561857,0.536276232432099,0.49872930513580205,0.48293371123456796,0.514637321172839,0.515601478283951,0.5042495969753089
51,,,,,,,,,,,,,0.37283984182715996,0.399277937395062,0.476610737753086,0.49596299993827203,0.496109939,0.537908404888889,0.548423700382716,0.611145194271605,0.619326670827161,0.586892800814815,0.641051136185185,0.703500911740741,0.707930231,0.7342161494814821,0.7480008141728399,0.791412465333333,0.7769944940493829,0.7590258729259258,0.7162244175555559,0.6866106318518521,0.63657590345679,0.61775084708642,0.5859101334074069,0.5797026423209879,0.5934222545802471,0.5721330223209878,0.5132004811234571,0.423143146703704,0.37464235913580296,0.37793985972839506,0.389877971012346,0.40115064903703707,0.401258749185185,0.459393566777778,0.488470453987654,0.4798884613456789,0.49405206700000004,0.486275522432099,0.45508864513580205,0.473858881234568,0.46608576117284,0.436136338283951,0.40095435697530896
52,0.454465198674089,0.483741456218395,0.50038701852828,0.387785460412261,0.44072973037609897,0.47841342202635995,0.510560258895448,0.528438859106493,0.5292110828689249,0.525014650206194,0.517907129111345,0.555623063749495,0.52226077182716,0.654649217395062,0.6310175377530861,0.483795869938272,0.473549999,0.49800561488888895,0.511199530382716,0.522818064271605,0.566339230827161,0.611177600814815,0.6048078161851851,0.677250131740741,0.666080021,0.6419459194814809,0.66850654417284,0.729958735333333,0.738396044049383,0.7287585429259259,0.7452087975555558,0.701960511851852,0.6533701534567901,0.65428229708642,0.648538383407407,0.6413030223209879,0.6540612145802471,0.6526110823209879,0.617893771123457,0.542108446703704,0.49586129913580296,0.46011410972839506,0.420323631012346,0.41499627903703706,0.40062856918518497,0.39015019677777796,0.422568343987654,0.4641649513456789,0.493197857,0.517921442432099,0.532475415135802,0.524818881234568,0.473212491172839,0.418474098283951,0.391569896975309
53,0.634583518674089,0.568472916218395,0.5084649285282801,0.5193176004122609,0.518468890376099,0.44979840202635996,0.503108868895447,0.543453409106493,0.519219512868925,0.483529060206194,0.41258289911134494,0.460602233749495,0.48354426182716,0.514958457395062,0.520319837753086,0.519018239938272,0.523999969,0.530890714888889,0.571573700382716,0.604947944271605,0.589301250827161,0.592818470814815,0.6389024861851851,0.672807881740741,0.656549711,0.653603409481481,0.70734651417284,0.732317065333333,0.7421039840493829,0.7648138229259258,0.7933415575555558,0.7924409018518521,0.72020059345679,0.6612283270864201,0.645392073407407,0.6432146323209879,0.617233304580247,0.5931851423209878,0.572084201123457,0.528031556703704,0.452429579135803,0.40682428972839507,0.377670991012346,0.385367109037037,0.440953129185185,0.485659886777778,0.5531171739876539,0.5769861313456789,0.541340277,0.497076012432099,0.488684755135802,0.464532831234568,0.444065211172839,0.43568425828395096,0.45600231697530896
54,,,,,,,,,,,,,0.46920102182715995,0.551780397395062,0.514154447753086,0.537602049938272,0.541406749,0.583255844888889,0.6018868103827161,0.585150844271605,0.584984060827161,0.723255980814815,0.6416229261851851,0.632867731740741,0.670783911,0.6032081394814809,0.66244248417284,0.669945845333333,0.7039856240493829,0.701363502925926,0.7309277075555558,0.7362558618518521,0.74922464345679,0.74398821708642,0.735748823407407,0.7029089823209879,0.6988382245802471,0.6878916823209879,0.6740841411234572,0.609446746703704,0.579646619135803,0.517447819728395,0.470692011012346,0.440663459037037,0.39040907918518497,0.37959100677777796,0.401919013987654,0.42074058134567893,0.42607893700000005,0.449303182432099,0.486050035135802,0.491335401234568,0.49403932117283894,0.47510068828395097,0.45477487697530894
55,0.520457238674089,0.522285416218395,0.50704464852828,0.482371670412261,0.489582540376099,0.5192671620263599,0.507428938895448,0.510773119106493,0.586773702868925,0.548443860206194,0.48168022911134495,0.461577313749495,0.49225023182716,0.475858917395062,0.483321327753086,0.501560959938272,0.550979949,0.589962754888889,0.590972290382716,0.630158024271605,0.6951315608271611,0.692785500814815,0.757989726185185,0.816191341740741,0.755767961,0.715653819481481,0.7036821041728399,0.674399145333333,0.7177260540493829,0.7953334229259259,0.7530486275555559,0.770703821851852,0.76746290345679,0.7413120070864201,0.731235073407407,0.6982301023209879,0.6476272945802471,0.6057387423209879,0.588899451123457,0.548887276703704,0.481402449135802,0.43500494972839504,0.407439711012346,0.398807769037037,0.445289009185185,0.530959186777778,0.598764493987654,0.607730851345679,0.564634877,0.526744232432099,0.503450065135802,0.461362451234568,0.43723196117283897,0.48319446828395096,0.514155656975309
56,0.587849968674089,0.542504836218395,0.59056691852828,0.542528700412261,0.5711013803760989,0.56188844202636,0.567039988895448,0.5560243991064929,0.48536086286892494,0.479897090206194,0.476321249111345,0.435513873749495,0.38938308182715997,0.436957307395062,0.524409577753086,0.547613319938272,0.576801459,0.6139805448888891,0.589914420382716,0.575861124271605,0.597953430827161,0.600668000814815,0.677188046185185,0.692024081740741,0.649538031,0.725330079481481,0.65048709417284,0.688571255333333,0.676620404049383,0.676270382925926,0.7066229575555558,0.6842732218518521,0.65006733345679,0.64298491708642,0.6104155234074069,0.6048175723209879,0.6186916045802471,0.5623729323209878,0.508605321123457,0.469090896703704,0.43100552913580203,0.425325789728395,0.464141701012346,0.5101971290370371,0.524291009185185,0.5214213167777779,0.519026743987654,0.5105041613456789,0.49247233700000004,0.46704772243209897,0.480830375135802,0.495752421234568,0.48852544117283897,0.471054848283951,0.41990670697530896
57,0.562916808674089,0.5091421062183951,0.52578374852828,0.5445138004122609,0.47969268037609897,0.48193139202636,0.476470878895448,0.460837879106493,0.518931522868925,0.589121220206194,0.5806764191113449,0.615772103749495,0.689136851827161,0.551869507395062,0.486984257753086,0.472454999938272,0.589169309,0.622783574888889,0.6602826603827161,0.654861804271605,0.6766044608271611,0.6652638808148149,0.756665886185185,0.872282751740741,0.8532503109999999,0.870587529481481,0.7402191841728399,0.751909415333333,0.807871124049383,0.7780552029259259,0.7554560375555559,0.6900007318518521,0.5825097934567901,0.59182131708642,0.6303716834074069,0.6676473223209879,0.6737338145802471,0.6889314623209879,0.655804231123457,0.589670516703704,0.49925604913580296,0.45836387972839504,0.419162481012346,0.41604692903703705,0.436324779185185,0.451910416777778,0.478912423987654,0.4888341513456789,0.48300109700000005,0.447774352432099,0.437731605135802,0.433091381234568,0.46329914117283894,0.485016288283951,0.47235821697530894
58,,0.757599083299025,0.455417860128968,0.465223954829932,0.430073118260135,0.4235818668456379,0.48630142215554706,0.49380480009869704,0.473751769190683,0.40116873966048205,0.41380165544018893,0.442859488377418,0.48535083911955795,0.529117186348278,0.5397498995484079,0.590828155581547,0.5721609403508771,0.579157858567251,0.6243099502306689,0.685406923242365,0.694892371955816,0.7362170903996099,0.776461119015595,0.760010957992203,0.6770927145321639,0.67839449045809,0.6130584940090971,0.587966582368421,0.590601130786225,0.609531246832359,0.617782869532164,0.628816041267057,0.651831511731644,0.643589368641975,0.626606957436647,0.587996882244964,0.5805279567381421,0.566293641952566,0.548178813895387,0.507463236510721,0.47734386252761496,0.47276594807342404,0.432732230415854,0.40033162762183205,0.406807536354776,0.45618442429824607,0.51603299782976,0.546785996731644,0.555325743391813,0.5476853395549061,0.5342998881416501,0.503223065415854,0.463922108424301,0.46952207205003205,0.507474669226771
59,,,0.502792110128968,0.418960244829932,0.43499747826013496,0.43655729684563793,0.48136091215554705,0.487304220098697,0.506765839190683,0.522629589660482,0.48686003544018996,0.450481428377418,0.48570452911955797,0.5057156663482779,0.5364858395484079,0.530565705581547,0.451603110350877,0.46983297856725104,0.495762770230669,0.545860523242365,0.5887846819558161,0.6467353703996099,0.6449125290155949,0.739284807992203,0.720047894532164,0.67765796045809,0.6956855440090971,0.6950571523684209,0.6783037007862249,0.660664416832359,0.6734933895321639,0.701042151267057,0.689916131731644,0.676427568641975,0.663598997436647,0.655680312244964,0.627934776738142,0.608049011952567,0.557735143895387,0.485827486510721,0.42037517252761497,0.363827918073424,0.326690950415854,0.337268797621832,0.405101326354776,0.43885943429824603,0.48125312782976004,0.523667776731644,0.554095733391813,0.559063859554906,0.5210319181416501,0.43109208541585403,0.438260218424301,0.479963722050033,0.484950819226771
60,,,,,,0.5741349268456372,0.44254447215554704,0.387532350098697,0.385796799190683,0.41048420966048205,0.39434992544018893,0.407330828377418,0.501599599119558,0.4418275863482779,0.44514022954840793,0.40847045558154704,0.47293692035087703,0.48159201856725103,0.523467340230669,0.592676533242365,0.577008001955816,0.63356797039961,0.6384049790155949,0.6842140979922029,0.655903174532164,0.6379235304580899,0.609965424009097,0.6438653823684211,0.653606070786225,0.654774776832359,0.7164161995321641,0.718049411267057,0.695594781731644,0.6735352886419749,0.681228817436647,0.6666439922449641,0.6231553867381421,0.564068141952566,0.502914653895387,0.461867726510721,0.35627044252761497,0.332790418073424,0.349061110415854,0.37287164762183206,0.411426106354776,0.43163801429824605,0.44761022782976,0.46485832673164396,0.47641243339181294,0.513030809554906,0.54978110814165,0.512651325415854,0.451943058424301,0.44767107205003204,0.440017629226771
61,0.47049064371794896,0.544578653299025,0.550352060128968,0.558050834829932,0.5106575582601349,0.500073856845638,0.48545391215554706,0.420182920098697,0.425762669190683,0.439464689660482,0.4329031554401889,0.456058918377418,0.43501019911955796,0.4654557463482779,0.46569222954840794,0.492773455581547,0.479753550350877,0.48142342856725107,0.469855240230669,0.47371294324236496,0.4764384619558161,0.5391783503996099,0.543947089015595,0.611113577992203,0.578577774532164,0.62936783045809,0.5641876740090971,0.6061531823684211,0.6845855407862249,0.665901356832359,0.664977399532164,0.669805181267057,0.6525342817316441,0.632143978641975,0.6232863074366469,0.604026062244964,0.565725706738142,0.531373911952567,0.482378663895387,0.401792966510721,0.326320162527615,0.288558748073424,0.298885620415854,0.31540978762183197,0.34439585635477604,0.3637200042982461,0.41745927782976,0.470345216731644,0.499572583391813,0.503451289554906,0.45427987814165005,0.367126435415854,0.345483258424301,0.40110722205003296,0.447893869226771
62,0.18954905371794897,0.386274483299025,0.462616290128968,0.396367074829932,0.360154858260135,0.328798936845638,0.320199682155547,0.311212800098697,0.37159242919068297,0.34806170966048194,0.33057661544019,0.366795138377418,0.40460352911955794,0.4098919663482779,0.46825809954840797,0.487618825581547,0.47100057035087706,0.44767416856725106,0.46424589023066903,0.5180937932423649,0.5533575919558161,0.57559624039961,0.626257229015595,0.684564447992203,0.5667407645321639,0.64489431045809,0.6638973940090971,0.6625385723684211,0.639108570786225,0.635694566832359,0.669171539532164,0.6718570712670571,0.635997481731644,0.606415268641975,0.586538407436647,0.568528322244964,0.546388286738142,0.487175961952567,0.39480240389538707,0.342227956510721,0.317863172527615,0.28665182807342404,0.282485090415854,0.308555397621832,0.382080216354776,0.4357917442982461,0.46085304782976,0.49394391673164395,0.47638109339181295,0.46222549955490605,0.48599430814165,0.450899065415854,0.412785718424301,0.462515792050033,0.492989299226771
63,0.46326560371794895,0.438137993299025,0.440473570128968,0.413757494829932,0.427569438260135,0.44296301684563794,0.45549152215554706,0.42341677009869705,0.449391639190683,0.455443619660482,0.43381328544018893,0.382076338377418,0.379442349119558,0.43364577634827794,0.4906623695484079,0.518539325581547,0.5072978803508771,0.496445258567251,0.5567948502306689,0.6067872532423649,0.645753431955816,0.63372603039961,0.5686408790155949,0.583790367992203,0.580727034532164,0.62488693045809,0.638327184009097,0.6797604423684209,0.6788132007862249,0.638797566832359,0.621754999532164,0.605884041267057,0.597140061731644,0.604429678641975,0.6022791974366469,0.594781742244964,0.565267986738142,0.529364781952567,0.48066735389538706,0.429998446510721,0.38669680252761496,0.394735498073424,0.423830620415854,0.42667328762183204,0.425163606354776,0.43519435429824604,0.45961383782976,0.553785716731644,0.6169042433918129,0.590473119554906,0.58117400814165,0.532009655415854,0.478898858424301,0.464939772050033,0.451884119226771
64,,,,0.404975464829932,0.43147710826013497,0.41270876684563795,0.3753751021555471,0.367010070098697,0.33790116919068297,0.325973209660482,0.32361774544019,0.31340158837741805,0.349516229119558,0.41431966634827794,0.4568095295484079,0.43740872558154703,0.42805476035087703,0.45718297856725104,0.497769140230669,0.517588553242365,0.6016162719558161,0.65943910039961,0.636706279015595,0.6731998279922029,0.639925584532164,0.60540880045809,0.6014416340090971,0.600543372368421,0.580873710786225,0.600603606832359,0.6146718095321639,0.609964631267057,0.597588611731644,0.611491238641975,0.640252227436647,0.664414882244964,0.641439076738142,0.549457361952567,0.4707338538953871,0.425852296510721,0.387901792527615,0.355681098073424,0.310982980415854,0.32466536762183196,0.38909713635477605,0.41611950429824607,0.41234592782976004,0.396845816731644,0.42886088339181294,0.45801288955490604,0.46039188814165005,0.443744045415854,0.434917278424301,0.466781382050033,0.439811039226771
65,,,,,,,,,,,,,0.407143839119558,0.47411000634827793,0.43369343954840794,0.453853185581547,0.47809495035087707,0.541854168567251,0.5996782502306689,0.595045143242365,0.5900490619558161,0.5536980903996099,0.42813892901559497,0.4551632579922029,0.38877094453216404,0.45361540045809,0.4970524740090971,0.46852184236842104,0.404769780786225,0.345550216832359,0.36906236953216404,0.37694883126705697,0.385011401731644,0.387341558641975,0.40991132743664704,0.5145059022449641,0.463262616738142,0.42943249195256605,0.37857918389538703,0.388471816510721,0.329386132527615,0.375445008073424,0.432057060415854,0.48815617762183205,0.418081636354776,0.40144514429824607,0.47950202782976004,0.49606496673164396,0.491675203391813,0.47341892955490605,0.42550016814165004,0.398961515415854,0.400533298424301,0.38813513205003297,0.407395539226771
66,,,,0.288255794829932,0.429359778260135,0.41444268684563795,0.38579713215554706,0.43721295009869704,0.463829399190683,0.43188320966048205,0.38751053544018893,0.353816148377418,0.388831109119558,0.3884155563482779,0.42516338954840793,0.457729005581547,0.43494418035087706,0.41879271856725103,0.408879370230669,0.397873603242365,0.4560567019558161,0.5750122503996099,0.574705719015595,0.593264607992203,0.6293530045321639,0.6343537404580899,0.589357464009097,0.482439522368421,0.496843130786225,0.508211426832359,0.557255929532164,0.570045651267057,0.549875041731644,0.560486448641975,0.551181817436647,0.517656652244964,0.495480866738142,0.467312311952567,0.40944355389538706,0.373132636510721,0.34731662252761497,0.30560217807342405,0.286989690415854,0.325647487621832,0.364672356354776,0.38897181429824607,0.40275989782976,0.42885416673164395,0.460032563391813,0.493391809554906,0.45955126814165004,0.42938136541585403,0.424230568424301,0.436962632050032,0.400286109226771
67,,0.396023663299025,0.435686820128968,0.467922814829932,0.43594063826013496,0.4049833568456379,0.43780891215554707,0.47132006009869704,0.374903709190683,0.38492340966048205,0.39462565544018996,0.378850748377418,0.43166262911955794,0.4772323063482779,0.558384319548408,0.5827507955815471,0.521852600350877,0.504142848567251,0.486734770230669,0.513183183242365,0.5675339619558161,0.5645919403996099,0.5575906390155949,0.599001337992203,0.5243515745321641,0.5545710904580899,0.5412594940090971,0.554085232368421,0.5681544907862249,0.578549976832359,0.6284155495321639,0.646186571267057,0.6335030217316441,0.625810488641975,0.625857427436647,0.589825832244964,0.536010336738142,0.468768421952567,0.41588656389538703,0.333919326510721,0.313006982527615,0.31417000807342405,0.29451925041585403,0.344850227621832,0.434639446354776,0.44523967429824607,0.48980922782976,0.525252306731644,0.528629863391813,0.47499179955490606,0.45863843814165006,0.45591020541585403,0.455866008424301,0.500246142050033,0.514334939226771
68,0.4044255437179489,0.440702323299025,0.453049610128968,0.480761944829932,0.46958695826013497,0.3992497168456379,0.4179882421555471,0.36844125009869705,0.382918499190683,0.396764439660482,0.35980718544018997,0.422385698377418,0.370104649119558,0.35558920634827795,0.38808084954840794,0.39263293558154705,0.36734104035087706,0.36680580856725103,0.439483740230669,0.494365233242365,0.6068390519558161,0.6422159603996099,0.676223729015595,0.655845917992203,0.5779101645321639,0.5844414204580899,0.618297134009097,0.5816651923684211,0.561011660786225,0.569304566832359,0.575424849532164,0.552891441267057,0.540926111731644,0.532967878641975,0.5294053574366471,0.487919162244964,0.511029086738142,0.519343021952567,0.43896808389538705,0.335312946510721,0.344591962527615,0.37378814807342403,0.398819070415854,0.413224977621832,0.39892737635477604,0.39647474429824603,0.43587677782976003,0.46056986673164396,0.47696366339181295,0.44024409955490607,0.42800606814165004,0.453979155415854,0.453446018424301,0.47190728205003296,0.423737529226771
69,0.4395069137179489,0.495020753299025,0.43624990012896797,0.424702554829932,0.392597748260135,0.3856750468456379,0.44775841215554707,0.450589920098697,0.43440523919068297,0.42938035966048205,0.43496189544018893,0.455104308377418,0.43402690911955794,0.43512955634827793,0.4690938795484079,0.538879015581546,0.523881150350877,0.49493626856725104,0.468914560230669,0.503225953242365,0.5954552519558161,0.6430316203996099,0.6086742590155949,0.618406527992203,0.6155406645321639,0.62720121045809,0.6137960140090971,0.604794922368421,0.627596520786225,0.663656986832359,0.714727489532164,0.7540418212670571,0.733446911731644,0.6924600386419749,0.6614905474366469,0.658523232244964,0.6441674967381421,0.610774281952567,0.5336095938953871,0.457735886510721,0.364462672527615,0.294786018073424,0.301746890415854,0.339270477621832,0.373871386354776,0.44476807429824605,0.512615497829759,0.548629036731644,0.537744513391813,0.47593067955490603,0.44955176814165004,0.447668055415854,0.472932238424301,0.44558914205003297,0.592665049226771
70,0.42226659371794895,0.412441853299025,0.387695850128968,0.421020614829932,0.44057699826013497,0.42825193684563795,0.4195792421555471,0.388922030098697,0.358745739190683,0.37638816966048205,0.37647512544018996,0.366115478377418,0.451292929119558,0.5054654163482779,0.4432480195484079,0.490455055581547,0.5305679903508771,0.619363508567251,0.6700618502306689,0.649671043242365,0.675180201955816,0.6867617903996099,0.593627879015595,0.639767127992203,0.6083690545321639,0.58522760045809,0.635855074009097,0.657990232368421,0.662245930786225,0.6389861368323589,0.6426405395321639,0.630325791267057,0.619022691731644,0.627924528641975,0.614044997436647,0.566604212244964,0.541014376738142,0.481643391952567,0.39417966389538706,0.338426546510721,0.293756582527615,0.302358418073424,0.308377890415854,0.36823984762183204,0.42971840635477604,0.45218404429824605,0.45994209782976003,0.450995146731644,0.469242423391813,0.463372569554906,0.41911045814165004,0.389637195415854,0.415654268424301,0.42666305205003296,0.583430379226771
71,0.48062666371794893,0.449283203299025,0.39564840012896796,0.369227364829932,0.465443148260135,0.49721660684563795,0.5061436821555471,0.500885830098697,0.456273469190683,0.480296139660482,0.42647504544018894,0.396119798377418,0.457031389119558,0.48874503634827793,0.502917219548408,0.543001195581547,0.530177600350877,0.561793938567251,0.5788006902306689,0.582555313242365,0.611934551955816,0.59275834039961,0.589945959015595,0.6324473979922031,0.6330676445321639,0.5925807504580899,0.5997822940090971,0.585121062368421,0.561853650786225,0.5376248568323589,0.5541765095321639,0.559839781267057,0.550150431731644,0.548315178641975,0.5331344974366471,0.544239442244964,0.5355681767381419,0.477446561952567,0.42435450389538704,0.398449596510721,0.406811122527615,0.376967878073424,0.318060760415854,0.29537084762183197,0.348862156354776,0.3827159242982461,0.43150398782976,0.44118786673164395,0.44156873339181296,0.439004789554906,0.43455444814165006,0.448160525415854,0.451626458424301,0.443474072050033,0.450385659226771
72,,,,,,,,,,,,,0.43770429911955794,0.5138848663482779,0.508425649548408,0.49907079558154704,0.48503407035087703,0.47414358856725103,0.476824790230669,0.460095593242365,0.509454221955816,0.53984148039961,0.548002019015595,0.629681297992203,0.640292954532164,0.6564058404580899,0.653917114009097,0.666734742368421,0.6905490307862249,0.667338286832359,0.656970779532164,0.632002581267057,0.620550911731644,0.603128658641975,0.5934245874366469,0.5728001522449641,0.527942926738142,0.46497887195256604,0.3975628738953871,0.337745636510721,0.29976655252761497,0.298385628073424,0.318863800415854,0.340959157621832,0.359951706354776,0.36077366429824603,0.39363067782976,0.395657056731644,0.406383023391813,0.441517219554906,0.44878493814165005,0.416202215415854,0.416392858424301,0.404672872050032,0.391878359226771
73,,0.621341423299025,0.494349130128968,0.496487494829932,0.44994128826013496,0.41057829684563796,0.3989199621555471,0.43216390009869704,0.449277349190683,0.429879659660482,0.41515801544018893,0.383829988377418,0.36233578911955794,0.3912478263482779,0.37785451954840793,0.354585175581547,0.40019392035087703,0.40775448856725105,0.46427743023066903,0.468319733242365,0.46614182195581605,0.5437988003996099,0.590720719015595,0.652745237992203,0.647848334532164,0.6432658504580899,0.6305663240090971,0.631786452368421,0.646612680786225,0.634928836832359,0.607632939532164,0.567728771267057,0.5638659917316441,0.568106668641975,0.590494217436647,0.588976972244964,0.5928095167381421,0.562392421952567,0.534798913895387,0.48001229651072097,0.384282502527615,0.31619871807342403,0.294056200415854,0.29593791762183197,0.295655026354776,0.330667114298246,0.37262565782976004,0.41731364673164395,0.45331714339181295,0.43185023955490603,0.37145563814165006,0.36909387541585403,0.390164668424301,0.427236012050033,0.433704379226771
74,,,,,,,,,,,,,0.505297509119558,0.4002555463482779,0.520220699548408,0.432340215581547,0.417506340350877,0.45076478856725105,0.520834800230669,0.618989213242365,0.690107591955816,0.67403943039961,0.7221234390155951,0.725917497992203,0.615873094532164,0.6191465604580899,0.635237564009097,0.6774785123684209,0.608108810786225,0.602165926832359,0.618421789532164,0.611881111267057,0.605937641731644,0.592725748641975,0.572254287436647,0.552127512244964,0.496799166738142,0.42675858195256605,0.38032375389538703,0.356374866510721,0.346014882527615,0.324572628073424,0.310233760415854,0.333020757621832,0.394417186354776,0.43402951429824604,0.48185599782976,0.511859636731644,0.506055713391813,0.492903639554906,0.46872524814165,0.448789345415854,0.49660380842430196,0.523324002050032,0.546757489226771
75,0.42445457505128203,0.41027578442723,0.407784149652778,0.38454352962159905,0.36673011826013496,0.35317017684563795,0.333784589949664,0.34330355190016804,0.40538910779362397,0.403399974513423,0.347848541837248,0.337720440436242,0.390036486604938,0.402682529506173,0.414729389753086,0.40960722993827203,0.40151529111111106,0.4513868583333329,0.5027730454938271,0.47317808882716,0.469614634938272,0.48437871425925894,0.423373391851852,0.41007367129629607,0.4263200333333329,0.542491891481481,0.61652401117284,0.583523671666667,0.6054220810493829,0.5945615692592591,0.584859045555556,0.6310305851851851,0.6476402584567901,0.625519656975309,0.6089242551851851,0.576339740987654,0.5671743669135799,0.542470448765432,0.5300428190123461,0.509704644814815,0.45848149246913594,0.394415223950617,0.367200191234568,0.36129342370370393,0.39353386851851896,0.44563697833333293,0.486166919320988,0.49958258401234606,0.5159049416666671,0.517710745432099,0.48653926969135797,0.44943901179012297,0.411051735061728,0.45633904450617296,0.454415916419753
76,0.42391783371794894,0.44503072885733796,0.40084376204861105,0.485793690284477,0.513303652862408,0.5447109719971529,0.5509467874496651,0.503764071578198,0.44838380336180605,0.397269260498271,0.39717015217815704,0.429171144527151,0.34880959438271597,0.34062926379188696,0.37687155072134004,0.431421606589065,0.474291954952381,0.477626003920635,0.537137566636684,0.559557427287478,0.618231822843034,0.695069580068783,0.7362263559629629,0.7605227633756609,0.7533945272539679,0.698741039179894,0.6357754550617281,0.6132466541428571,0.600130506335097,0.583266507148148,0.572737842539683,0.557922209026455,0.562662527821869,0.55768729492769,0.545436734534392,0.551253163162257,0.59849660643739,0.549840166463845,0.42585641607583796,0.368570946465609,0.384190829865961,0.38734067742680794,0.371216669107584,0.396253449005291,0.443643333407407,0.4977844579523811,0.54329900670194,0.525178695964727,0.49130654415873,0.47205057462257505,0.46427417367548496,0.4470261486790121,0.462139063236332,0.4818046752680779,0.42427634375308604
77,0.40235679371794897,0.552674008857338,0.6815817720486109,0.826130150284477,0.775020662862408,0.649745321997153,0.5802145874496639,0.521081391578198,0.5351528533618061,0.49229595049827096,0.47756289217815706,0.415973994527151,0.360854294382716,0.429126143791887,0.5659917607213399,0.490477386589065,0.522375194952381,0.509501793920635,0.5154662866366839,0.510710197287478,0.561393722843034,0.6498379600687829,0.629579245962963,0.649561593375661,0.664372907253968,0.6988054691798941,0.748426685061728,0.734116114142857,0.7110607963350971,0.690567487148148,0.677055112539683,0.6916976090264549,0.66987850782187,0.6375013349276899,0.623240414534392,0.621308133162258,0.61522717643739,0.588717726463845,0.566790946075838,0.526680386465609,0.474581049865961,0.428817597426808,0.416971569107584,0.435341429005291,0.434771043407407,0.43781676795238106,0.44243030670194,0.457799215964727,0.48741145415873,0.536769464622575,0.5288936136754849,0.48840581867901206,0.47994113323633203,0.5089270152680779,0.514807583753086
78,0.567471278674089,0.553239856218395,0.54498184852828,0.568597980412261,0.569811770376099,0.59553659202636,0.607222428895448,0.628133299106493,0.623966552868925,0.613391360206194,0.5115305791113449,0.488680473749495,0.506382511827161,0.519097187395062,0.510812607753086,0.510178569938272,0.517594249,0.5295477548888889,0.557324780382716,0.6300556142716051,0.6780502808271611,0.5993621008148149,0.6276981961851851,0.676177401740741,0.660245571,0.6652942594814809,0.72707747417284,0.764217315333333,0.826998734049383,0.8247162129259259,0.7536351775555559,0.705591501851852,0.65187440345679,0.62036762708642,0.629343843407407,0.6244996123209878,0.6208977245802471,0.6442698323209879,0.613176211123457,0.536959716703704,0.496985369135802,0.45701994972839505,0.436704441012346,0.41390476903703705,0.385953819185185,0.41178247677777796,0.459464403987654,0.49749716134567895,0.5287680370000001,0.549263982432099,0.508206615135802,0.496668841234568,0.47393404117283894,0.446015988283951,0.45734154697530893
79,0.5580956386740891,0.480153846218395,0.44385361852828004,0.49195356041226096,0.48824670037609896,0.48403204202635997,0.492106938895448,0.520402719106493,0.5124979028689249,0.508476350206194,0.43791212911134497,0.421469643749495,0.47937062182715995,0.511172897395062,0.476546497753086,0.464970049938272,0.470500859,0.5114495848888889,0.515088430382716,0.545781824271605,0.552939460827161,0.598578740814815,0.5818792061851851,0.607404591740741,0.662830701,0.6733991294814821,0.66481886417284,0.699958905333333,0.687182774049383,0.672031262925926,0.7098220675555559,0.685633971851852,0.67085619345679,0.66627057708642,0.6512671334074069,0.6699984723209879,0.6819104145802471,0.6668624323209879,0.6253941711234571,0.533500036703704,0.481922149135803,0.44820396972839505,0.445617771012346,0.44394332903703704,0.452215629185185,0.48005203677777797,0.480364913987654,0.4628112313456789,0.477804977,0.510438332432099,0.49430092513580204,0.49809793123456797,0.5105782011728389,0.506634718283951,0.44109572697530897
80,,,,,,,,,,,,,0.52511723182716,0.579424287395062,0.5746334177530861,0.622475889938272,0.634272219,0.6642136848888891,0.6663616703827161,0.651948964271605,0.615185870827161,0.635958340814815,0.720797956185185,0.7348559117407409,0.682835711,0.6672173194814809,0.69789506417284,0.708474055333333,0.768691144049383,0.8047788229259258,0.7941780575555558,0.8033266718518521,0.76956355345679,0.72030271708642,0.7056184534074069,0.6615825823209879,0.6487991645802471,0.6032530623209879,0.576212011123457,0.500655536703704,0.45699502913580203,0.40570097972839503,0.368349131012346,0.38202088903703707,0.427481899185185,0.425922516777778,0.470124373987654,0.48163688134567895,0.46448463700000003,0.447303582432099,0.43675609513580205,0.448976501234568,0.48755143117284,0.507703298283951,0.47369390697530894
81,,0.397697856218395,0.60643603852828,0.559389900412261,0.575330920376099,0.61066365202636,0.602652878895447,0.6236438891064929,0.592881782868925,0.565743560206194,0.545154579111345,0.514324343749495,0.44409759182715997,0.374336057395062,0.462421157753086,0.437531059938272,0.451580159,0.47512546488888896,0.452644470382716,0.489998224271605,0.528067440827161,0.494789740814815,0.537273246185185,0.647424561740741,0.712389501,0.7013311394814811,0.71005081417284,0.737115625333333,0.726941154049383,0.7336677029259259,0.702218777555556,0.7136928318518521,0.71860594345679,0.7151873070864201,0.721579353407407,0.7101825523209879,0.7170567145802471,0.7506772723209879,0.782208761123457,0.7591943167037042,0.744981839135803,0.6989008497283951,0.699161191012346,0.669929609037037,0.626164329185185,0.539042816777778,0.454533133987654,0.40033445134567897,0.43617409700000004,0.481907402432099,0.5003486351358021,0.494043371234568,0.46669032117283893,0.459951388283951,0.43071121697530895
82,0.43960464371794894,0.505348133299025,0.499413290128968,0.49813885482993203,0.493251348260135,0.43493618684563795,0.49990683215554704,0.5280006600986971,0.526382529190683,0.457992669660482,0.39677469544019,0.400339718377418,0.43465922911955795,0.45767585634827795,0.46166011954840797,0.479417875581547,0.5109539503508771,0.534200668567251,0.5594853002306689,0.593739693242365,0.6514021619558161,0.70922363039961,0.681637239015595,0.7001841179922029,0.6918190545321639,0.64170670045809,0.6507778140090971,0.6870836723684209,0.6983189607862249,0.700058786832359,0.6932885595321638,0.7103568312670571,0.717039831731644,0.7057219086419749,0.699825907436647,0.670483142244964,0.6441293967381421,0.685729911952566,0.684107243895387,0.658343836510721,0.5873481925276149,0.479232068073424,0.404738450415854,0.375283757621832,0.36537067635477605,0.334487234298246,0.35877571782976003,0.387272076731644,0.45101499339181295,0.5085884595549061,0.5342014081416501,0.501302775415854,0.453590688424301,0.446809702050033,0.435601759226771
83,0.34671893371794893,0.415736153299025,0.394196030128968,0.290074094829932,0.309265988260135,0.327026776845638,0.3554039821555471,0.33587151009869703,0.351655529190683,0.383112989660482,0.40470634544018996,0.264020178377418,0.266920489119558,0.309338556348278,0.3905050595484079,0.48284540558154704,0.5150459903508771,0.512719818567251,0.539112270230669,0.595904973242365,0.6405841519558161,0.6964997403996099,0.730553889015595,0.7715495779922029,0.716398684532164,0.73211002045809,0.6779239440090971,0.670411602368421,0.657598450786225,0.689714616832359,0.716035609532164,0.6956173112670571,0.6952594517316439,0.665137918641975,0.621706517436647,0.573836552244964,0.511803736738142,0.46816397195256704,0.42692067389538707,0.389838286510721,0.36896357252761497,0.36806978807342405,0.353837120415854,0.315666787621832,0.327525196354776,0.34895598429824604,0.45190982782976,0.528462906731644,0.542391903391813,0.504274609554906,0.46187914814165004,0.426384285415854,0.407263338424301,0.475591982050033,0.555934809226771
84,,,0.329139870128968,0.404699514829932,0.44644445826013496,0.4748359168456379,0.4914482021555471,0.49110569009869703,0.499240849190683,0.480773789660482,0.48857427544018894,0.540674668377418,0.37762929911955795,0.4051658463482779,0.4390264395484079,0.44488318558154705,0.45850289035087705,0.479661758567251,0.503554640230669,0.501980263242365,0.537052111955816,0.5828452603996099,0.605572019015595,0.624797147992203,0.6988401745321638,0.71504484045809,0.6930022340090971,0.679716932368421,0.6758604307862249,0.657004916832359,0.646344679532164,0.646546191267057,0.6281283117316441,0.605613208641975,0.6153958774366469,0.591499472244964,0.544181746738142,0.49827086195256703,0.45232794389538705,0.411291926510721,0.34546776252761496,0.31143347807342403,0.290356280415854,0.287611257621832,0.33251092635477597,0.36862199429824605,0.40932904782976004,0.45155405673164395,0.45836469339181296,0.44693768955490604,0.43751393814165,0.429583595415854,0.421491048424301,0.441675432050033,0.438028099226771
85,,,0.364445600128968,0.498659324829932,0.475477558260135,0.4556441368456379,0.503192842155547,0.47525920009869704,0.43622901919068297,0.44787329966048206,0.4850782154401889,0.36992946837741797,0.47512648911955796,0.5106459263482779,0.554245829548408,0.548192335581547,0.5420899803508771,0.574477678567251,0.6203815502306689,0.622756593242365,0.672005191955816,0.67371319039961,0.688695979015595,0.7632215279922029,0.722399454532164,0.70854183045809,0.6793004240090971,0.696521892368421,0.7059516307862249,0.698701316832359,0.6715136395321639,0.650860211267057,0.638716621731644,0.633207608641975,0.6489499274366469,0.616683102244964,0.5543373367381421,0.539027801952566,0.506546063895387,0.434234436510721,0.406216212527615,0.37983792807342404,0.372834540415854,0.38435309762183206,0.403413856354776,0.46486354429824606,0.53285881782976,0.549301096731644,0.545563113391813,0.500816689554906,0.44391301814165,0.388270945415854,0.395130928424301,0.475010992050032,0.502905109226771
86,,,,,,,,0.484447630098697,0.349397589190683,0.37118367966048205,0.43784481544018894,0.412206508377418,0.475570359119558,0.47322040634827794,0.44452481954840795,0.44798770558154705,0.5063867703508771,0.511122848567251,0.5511641302306689,0.592738653242365,0.650637121955816,0.70464016039961,0.690004989015595,0.7184321479922029,0.7150656945321641,0.66536358045809,0.5777855240090971,0.663657552368421,0.695580420786225,0.703969776832359,0.6999433295321639,0.7107066012670571,0.718532621731644,0.728668618641975,0.714432887436647,0.6794832822449639,0.6455536967381421,0.650850811952567,0.6401364538953871,0.609965796510721,0.545871162527615,0.470216728073424,0.428893040415854,0.39394364762183204,0.361287506354776,0.34913515429824604,0.40829634782976004,0.46021276673164396,0.509384073391813,0.523857149554906,0.48973414814165006,0.444685085415854,0.418745338424301,0.43261345205003204,0.445218439226771
87,0.47660227371794894,0.496033073299025,0.485465960128968,0.441749234829932,0.44889478826013496,0.46405131684563794,0.4585483321555471,0.414440640098697,0.416280849190683,0.397908959660482,0.42411408544018997,0.467749158377418,0.5010200991195579,0.5170416463482779,0.538291459548408,0.533156595581546,0.5199269203508771,0.534504278567251,0.5587776502306689,0.594304473242365,0.5911857019558161,0.59672397039961,0.604198939015595,0.6872156679922029,0.624203344532164,0.6607590304580899,0.6513984440090971,0.651986712368421,0.613050490786225,0.598644716832359,0.628430509532164,0.648644241267057,0.662544031731644,0.643702378641975,0.6481744374366469,0.608198062244964,0.567667156738142,0.535360031952567,0.4836789338953871,0.400966826510721,0.353724502527615,0.332767148073424,0.33417825041585403,0.307417767621832,0.314357636354776,0.35146145429824605,0.41983740782976003,0.44157004673164396,0.452584113391813,0.46056825955490605,0.44768049814165006,0.441161795415854,0.432038568424301,0.42120655205003205,0.406833959226771
88,,0.338936353299025,0.393781540128968,0.408237954829932,0.431369568260135,0.40900502684563794,0.4317193321555471,0.420725840098697,0.403978979190683,0.34190328966048195,0.40147180544019,0.32261485837741805,0.47943654911955796,0.531323836348278,0.628324719548408,0.606964165581547,0.5369709803508771,0.46205265856725103,0.520270440230669,0.569154903242365,0.6082983419558161,0.6284872903996099,0.5917376590155939,0.606114347992203,0.626654374532164,0.6204820504580899,0.6584651740090971,0.679424072368421,0.669795070786225,0.601874506832359,0.6397283195321639,0.635429341267057,0.558316301731644,0.526569588641975,0.579402487436647,0.588303552244964,0.550129716738142,0.5225080019525671,0.4506928038953871,0.341334026510721,0.282332592527615,0.28250499807342405,0.293269460415854,0.330430777621832,0.36506369635477603,0.37754104429824603,0.39789340782976,0.41804977673164395,0.408563773391813,0.39559712955490606,0.44731805814165004,0.459105575415854,0.399415728424301,0.38691902205003204,0.410454189226771
89,0.45762742371794896,0.497136603299025,0.47692779012896797,0.418624884829932,0.46892382826013496,0.4746623468456379,0.49320609215554706,0.445329840098697,0.403857759190683,0.398272599660482,0.3801207454401889,0.396491818377418,0.442625559119558,0.45417683634827793,0.5212709695484079,0.566212365581547,0.5344040003508771,0.530130368567251,0.5617012202306689,0.5721347232423649,0.6031140019558161,0.55544642039961,0.5222820490155939,0.581708617992203,0.545517784532164,0.54280712045809,0.5265023540090971,0.561381352368421,0.577949920786225,0.595316826832359,0.598216679532164,0.606121901267057,0.587294621731644,0.561197998641975,0.5375592274366471,0.520962932244964,0.510132016738142,0.480090431952567,0.4141684738953871,0.348354506510721,0.29739005252761497,0.265951368073424,0.278707100415854,0.33125236762183197,0.404022016354776,0.43334686429824604,0.45220909782976004,0.518641946731644,0.553400893391813,0.507994189554906,0.45768476814165004,0.411792185415854,0.426111218424301,0.42766167205003297,0.43647656922677097
90,0.4180583337179489,0.438777623299025,0.38414954012896796,0.392886994829932,0.482324748260135,0.48864298684563795,0.5003670421555471,0.500429990098697,0.425608639190683,0.405412239660482,0.44647612544018894,0.447977358377418,0.47209497911955794,0.43526546634827795,0.42094680954840796,0.442277265581547,0.46122036035087705,0.49375317856725104,0.526126020230669,0.5407010732423649,0.5446976319558161,0.5129791003996099,0.539613299015595,0.586555337992203,0.559443904532164,0.5177488304580901,0.5263199840090971,0.550202502368421,0.538740440786225,0.550304446832359,0.610137059532164,0.637727681267057,0.6517442717316441,0.650881808641975,0.646907497436647,0.6278845022449641,0.6004755667381421,0.569465681952567,0.47635945389538703,0.386764416510721,0.340225232527615,0.31074826807342404,0.325723710415854,0.33183887762183195,0.378738316354776,0.40778066429824605,0.43189020782976,0.466915416731644,0.48440230339181295,0.48120361955490604,0.47088448814165,0.424770615415854,0.375180108424301,0.395351592050033,0.550310409226771
91,0.43579299371794894,0.552791568857337,0.546813282048611,0.623021240284477,0.544351192862408,0.48853109199715294,0.5321585474496641,0.540329771578198,0.513436643361806,0.505084370498271,0.47132310217815704,0.419029634527151,0.42576247438271597,0.491758553791887,0.41070233072134005,0.42582494658906495,0.42399739495238103,0.372555383920635,0.4454586866366839,0.450420047287478,0.47563297284303396,0.509578200068783,0.469497495962963,0.565411873375661,0.606715097253968,0.609632849179894,0.6718046250617281,0.706588174142857,0.6965915963350972,0.6642754771481479,0.637692212539683,0.622938939026455,0.630492847821869,0.60102246492769,0.5665064945343921,0.575930193162257,0.56197672643739,0.509035856463845,0.455517376075838,0.429736266465609,0.406842799865961,0.38592270742680795,0.375151709107584,0.35511983900529104,0.34680014340740695,0.38009921795238105,0.42331829670194,0.45280028596472705,0.45210600415873,0.445589694622575,0.44767562367548497,0.44528697867901207,0.439093913236332,0.4558687252680779,0.46484514375308605
92,0.48618577371794897,0.527501678857338,0.511270762048611,0.500867810284477,0.543719072862408,0.5533600319971529,0.6060685374496639,0.556856471578198,0.532896323361806,0.560647260498271,0.516690942178157,0.538659134527151,0.5405326543827159,0.5665181637918871,0.5430506307213401,0.555138826589065,0.5886400549523809,0.553012903920635,0.564547066636684,0.649785647287478,0.660369092843034,0.6874259100687831,0.749786445962963,0.664968433375661,0.619672527253968,0.642522899179894,0.574615295061728,0.611777904142857,0.650415816335097,0.645868897148148,0.669099752539683,0.682936599026455,0.70718161782187,0.6884067849276899,0.6669767045343921,0.635514863162257,0.61927563643739,0.580942186463845,0.5027267760758379,0.452891686465609,0.420905669865961,0.39341917742680793,0.373306559107584,0.418698059005291,0.496267343407407,0.550927927952381,0.55188997670194,0.518842345964727,0.48984808415873,0.47061078462257505,0.44242019367548496,0.43831568867901205,0.462560553236332,0.4826309652680779,0.525625713753086
93,0.46745603371794897,0.477447128857338,0.48260007204861105,0.496283320284477,0.49387257286240793,0.5097240819971529,0.5031032274496641,0.507240251578198,0.49157138336180606,0.449850650498271,0.45565052217815705,0.40520744452715096,0.371803044382716,0.492870713791887,0.54133551072134,0.5666042465890649,0.5653199249523809,0.576291283920635,0.590120386636684,0.608509497287478,0.674963652843034,0.691432510068783,0.646243995962963,0.595092913375661,0.5762999772539681,0.6531607891798941,0.6709249050617281,0.688204824142857,0.702720676335097,0.712286817148148,0.726654792539683,0.734177569026455,0.736065227821869,0.7271393849276899,0.7219470645343921,0.706217613162258,0.67514014643739,0.637859996463845,0.585080396075838,0.538089486465609,0.504522689865961,0.47784545742680795,0.460065269107584,0.456694769005291,0.496528913407407,0.5456871279523811,0.59278762670194,0.598080435964727,0.58550258415873,0.601469424622575,0.5896952736754849,0.5448674286790121,0.498988583236332,0.4957036552680779,0.507448523753086
94,0.5583444937179489,0.549013178857338,0.5380132820486111,0.553914980284477,0.571302512862408,0.6197528919971529,0.6241586974496639,0.599171621578198,0.549302933361806,0.534301960498271,0.48324623217815704,0.35629055452715097,0.43333003438271595,0.475141223791887,0.43881452072134003,0.437358756589065,0.49211748495238106,0.553589903920635,0.647924746636684,0.617116647287478,0.623403762843034,0.6209405500687829,0.6072024759629631,0.570915723375661,0.6018559472539681,0.619679459179894,0.6666763650617281,0.6912144941428571,0.642910746335097,0.6016430371481479,0.598126072539683,0.595717259026455,0.551771157821869,0.51878390492769,0.534692184534392,0.5773653731622571,0.55240045643739,0.482173556463845,0.43064823607583796,0.390243396465609,0.343670929865961,0.297466697426808,0.273816779107584,0.28338401900529103,0.305602983407407,0.35557764795238106,0.39349227670194,0.40789638596472705,0.44693455415873,0.437694094622575,0.44008629367548496,0.4371576486790121,0.406247563236332,0.44540693526807795,0.434302123753086
95,,0.353609596218395,0.47733613852828005,0.451197910412261,0.490708170376099,0.512821782026361,0.499275698895448,0.485808119106493,0.492309112868925,0.507366170206194,0.49163569911134497,0.469155993749495,0.39871814182716,0.435098837395062,0.482215357753086,0.48601211993827204,0.49916601899999996,0.5704798348888891,0.5887882003827161,0.568946834271605,0.538575690827161,0.586574390814815,0.6182671361851851,0.668094891740741,0.663095051,0.643987529481481,0.7318557841728399,0.711842675333333,0.7048775140493829,0.619968982925926,0.631288657555556,0.669831841851852,0.67303392345679,0.67179789708642,0.659616103407407,0.6634100523209879,0.7123200645802471,0.7599018923209879,0.7400782711234571,0.658335256703704,0.567138309135803,0.502586109728395,0.446816621012346,0.41529874903703706,0.39075743918518496,0.400886706777778,0.424607533987654,0.45610542134567894,0.47356268700000004,0.49531481243209896,0.48148959513580203,0.47918291123456797,0.48069158117283894,0.493005848283951,0.5255655069753089
96,,1.12442860621839,0.82217543852828,0.507317480412261,0.49490460037609896,0.5109508320263599,0.461080188895448,0.488963959106493,0.478067152868925,0.478358640206194,0.45057942911134496,0.447556733749495,0.45583057182715997,0.405280697395062,0.45238776775308603,0.5158219599382721,0.5264875489999999,0.5752984548888891,0.506049590382716,0.504292914271605,0.505432890827161,0.49383645081481503,0.6405417061851851,0.626669451740741,0.6500051410000001,0.598715969481481,0.54961471417284,0.630857515333333,0.686027884049383,0.7856736929259258,0.7593347675555558,0.7430129518518521,0.79733626345679,0.7389486370864201,0.7289586234074069,0.7220035823209879,0.6739110745802471,0.6445924023209879,0.633241391123457,0.599973026703704,0.538271159135802,0.46620506972839504,0.405465841012346,0.38235567903703704,0.358213279185185,0.37844526677777796,0.442156513987654,0.5042808513456789,0.516813277,0.474319072432099,0.44969398513580205,0.449701701234568,0.46598160117283893,0.49553555828395096,0.46387854697530895
97,0.36988958371794894,0.339136593299025,0.382892860128968,0.357241084829932,0.395776438260135,0.299492986845638,0.37039015215554705,0.288473550098697,0.343130699190683,0.285932369660482,0.35753271544018894,0.334420458377418,0.468061889119558,0.44142686634827794,0.46733954954840795,0.5264300955815471,0.5839513703508771,0.610305778567251,0.6409619002306689,0.667479683242365,0.6593861619558161,0.6187259603996099,0.6378815490155949,0.665547517992203,0.6230049445321639,0.6415101504580899,0.644378484009097,0.647685452368421,0.639066380786225,0.615640566832359,0.638774239532164,0.655252531267057,0.6060537917316441,0.624934968641975,0.636959227436647,0.600859332244964,0.522157326738142,0.49693146195256704,0.44263064389538703,0.404352696510721,0.375134372527615,0.371255888073424,0.384212750415854,0.39776279762183203,0.43303035635477605,0.46224998429824604,0.5290218078297589,0.547952736731644,0.521157833391813,0.48391504955490605,0.47523623814165006,0.470190065415854,0.413407598424301,0.433093932050032,0.446448119226771
98,0.4170821737179489,0.464196393299025,0.393712100128968,0.376377504829932,0.387232618260135,0.38822574684563793,0.39817312215554707,0.39363693009869705,0.405420279190683,0.41756343966048204,0.40969185544018893,0.368166848377418,0.39549084911955795,0.4171923263482779,0.44597744954840796,0.489388685581547,0.49280902035087704,0.550399068567251,0.5694443402306689,0.635131503242365,0.6390650019558161,0.67806777039961,0.759631899015595,0.6755873979922029,0.602925124532164,0.5816987904580899,0.6564732440090971,0.678804492368421,0.615122550786225,0.6097849868323589,0.654574219532164,0.669843851267057,0.6708633017316441,0.662361478641975,0.647972317436647,0.643375532244964,0.6183092667381421,0.609454591952567,0.5685951138953871,0.496914236510721,0.436589982527615,0.41782142807342404,0.423734960415854,0.45438233762183206,0.49531353635477604,0.521891174298246,0.57234760782976,0.597170426731644,0.5789671333918129,0.504267829554906,0.43007884814165004,0.388140995415854,0.443011718424301,0.503463322050032,0.536471749226771
99,0.543133648674089,0.445390506218395,0.41546458852828005,0.40147365041226096,0.455195550376099,0.48023012202635995,0.490931738895448,0.479788259106493,0.47521105286892495,0.527767480206194,0.543927989111345,0.474069873749495,0.49770763182716,0.551452817395062,0.522820377753086,0.489666329938272,0.448080349,0.493656964888889,0.500104760382716,0.522038034271605,0.545867310827161,0.544477510814815,0.6549246261851851,0.644596271740741,0.647395771,0.648578419481481,0.68111191417284,0.712730705333333,0.7207651540493829,0.701704022925926,0.7348482575555558,0.7404290718518521,0.71892541345679,0.68342574708642,0.6717936934074069,0.6482265323209879,0.6394038945802472,0.6401588923209879,0.629179711123457,0.582012906703704,0.520690629135803,0.46839262972839507,0.425738671012346,0.40297483903703707,0.368115489185185,0.383855766777778,0.444537963987654,0.47991438134567893,0.49588745700000003,0.520830292432099,0.521812415135802,0.479023411234568,0.44191600117283897,0.44764240828395097,0.5035400569753089
